ID zákazníka,Loyalty Tier,Region,CLV Segment,Predikovaný CLV 2025,P(churn),Churn Risk,Churned 2024 (skutečnost),priorita
ACC-00003,Silver,CZ,Low,568.07916,0.7614033,Vysoké,1,
ACC-00004,Bronze,CZ,Low,23.87575,0.9635558,Vysoké,1,
ACC-00006,Bronze,CZ,Low,415.54465,0.88212895,Vysoké,1,
ACC-00007,Bronze,CZ,Low,63.814724,0.9710943,Vysoké,1,
ACC-00008,Silver,CZ,Low,0.0,0.8967399,Vysoké,1,
ACC-00011,Silver,CZ,Low,643.83856,0.6365343,Střední,1,
ACC-00012,Gold,CZ,High,54877.91,0.06550106,Nízké,0,🟢 Udržet
ACC-00013,Bronze,CZ,Low,167.7718,0.74352384,Vysoké,1,
ACC-00014,Bronze,CZ,Medium,20022.857,0.019754384,Nízké,0,🟢 Udržet
ACC-00015,Silver,SK,Medium,21496.25,0.10716309,Nízké,0,🟢 Udržet
ACC-00018,Bronze,CZ,Low,441.37674,0.011522017,Nízké,0,
ACC-00019,Gold,SK,Low,164.69115,0.5177357,Střední,1,
ACC-00020,Silver,SK,Low,1316.5183,0.329068,Nízké,0,
ACC-00021,Bronze,CZ,Medium,10775.036,0.22991674,Nízké,0,🟢 Udržet
ACC-00024,Silver,CZ,Low,2841.2825,0.60456896,Střední,0,
ACC-00025,Silver,CZ,Low,0.0,0.95266557,Vysoké,1,
ACC-00027,Bronze,SK,Low,1709.3439,0.0070517254,Nízké,0,
ACC-00028,Bronze,SK,Low,33.517853,0.2543334,Nízké,1,
ACC-00029,Silver,CZ,Low,1735.4403,0.066782676,Nízké,0,
ACC-00030,Silver,SK,Low,849.1901,0.043693423,Nízké,0,
ACC-00032,Bronze,CZ,Medium,12551.709,0.034142967,Nízké,0,🟢 Udržet
ACC-00033,Silver,CZ,Low,133.95215,0.6838813,Vysoké,1,
ACC-00036,Bronze,CZ,Medium,14270.813,0.23784336,Nízké,1,🟢 Udržet
ACC-00037,Bronze,CZ,Low,0.0,0.96703446,Vysoké,1,
ACC-00041,Silver,CZ,High,25771.152,0.061681725,Nízké,0,🟢 Udržet
ACC-00042,Bronze,CZ,Low,580.6239,0.69843805,Vysoké,1,
ACC-00044,Silver,CZ,Medium,7868.911,0.078199275,Nízké,0,🟢 Udržet
ACC-00045,Bronze,CZ,Medium,6779.1465,0.025454821,Nízké,0,🟢 Udržet
ACC-00046,Bronze,CZ,Low,0.0,0.9170967,Vysoké,1,
ACC-00047,Bronze,CZ,Medium,11685.733,0.010981715,Nízké,0,🟢 Udržet
ACC-00048,Silver,CZ,Low,0.0,0.06633813,Nízké,0,
ACC-00050,Bronze,SK,Low,637.2289,0.107165955,Nízké,0,
ACC-00051,Silver,SK,Low,683.82544,0.13409781,Nízké,0,
ACC-00052,Silver,CZ,Low,1069.3032,0.12102205,Nízké,0,
ACC-00056,Silver,SK,Low,1034.8196,0.7743056,Vysoké,0,
ACC-00057,Silver,SK,High,64250.67,0.0088503575,Nízké,0,🟢 Udržet
ACC-00058,Bronze,CZ,Low,0.0,0.06599629,Nízké,1,
ACC-00060,Bronze,CZ,Low,28.96686,0.8808017,Vysoké,1,
ACC-00061,Bronze,CZ,Low,0.0,0.7632838,Vysoké,1,
ACC-00062,Silver,SK,Low,3959.4639,0.35646403,Střední,0,
ACC-00063,Bronze,SK,Low,4690.8506,0.012011815,Nízké,0,
ACC-00064,Silver,SK,Low,210.54268,0.09066739,Nízké,0,
ACC-00065,Silver,CZ,Low,1393.7991,0.030498726,Nízké,0,
ACC-00067,Silver,CZ,Low,0.0,0.4846675,Střední,0,
ACC-00068,Silver,CZ,Low,8.262559,0.9562689,Vysoké,1,
ACC-00070,Bronze,SK,Low,349.62418,0.17224675,Nízké,0,
ACC-00072,Bronze,CZ,Low,1407.1266,0.010818336,Nízké,0,
ACC-00075,Gold,CZ,Low,3025.753,0.011458466,Nízké,0,
ACC-00076,Silver,SK,Low,0.0,0.1175609,Nízké,0,
ACC-00077,Silver,SK,Low,0.0,0.019589243,Nízké,0,
ACC-00078,Silver,CZ,Low,228.6691,0.17746092,Nízké,0,
ACC-00079,Gold,CZ,Low,1200.2955,0.96761686,Vysoké,1,
ACC-00081,Silver,CZ,Low,3506.6804,0.052462813,Nízké,0,
ACC-00082,Gold,CZ,High,42937.258,0.015168571,Nízké,0,🟢 Udržet
ACC-00083,Silver,SK,Medium,17805.215,0.044260964,Nízké,0,🟢 Udržet
ACC-00084,Bronze,CZ,Low,3.3468485,0.92891973,Vysoké,1,
ACC-00085,Silver,SK,Low,218.87744,0.80194896,Vysoké,1,
ACC-00087,Bronze,CZ,Low,2969.2764,0.960438,Vysoké,1,
ACC-00088,Bronze,CZ,Low,304.7239,0.2729122,Nízké,0,
ACC-00089,Bronze,CZ,Low,242.43141,0.34709272,Nízké,0,
ACC-00090,Bronze,CZ,Low,521.1815,0.10282292,Nízké,0,
ACC-00091,Bronze,CZ,Low,0.0,0.41595468,Střední,0,
ACC-00092,Gold,CZ,Low,900.9994,0.036936406,Nízké,0,
ACC-00094,Bronze,CZ,Low,0.0,0.09252764,Nízké,0,
ACC-00095,Silver,CZ,Low,0.0,0.54287523,Střední,1,
ACC-00097,Gold,SK,Medium,7148.921,0.09054394,Nízké,0,🟢 Udržet
ACC-00098,Bronze,SK,Low,24.109795,0.8678265,Vysoké,1,
ACC-00099,Bronze,CZ,Low,622.0442,0.1245984,Nízké,0,
ACC-00100,Silver,CZ,Low,1187.3184,0.163134,Nízké,0,
ACC-00101,Bronze,CZ,Low,130.82417,0.110571936,Nízké,0,
ACC-00103,Gold,CZ,Low,370.74103,0.720287,Vysoké,1,
ACC-00106,Bronze,CZ,Low,472.53336,0.5817069,Střední,1,
ACC-00108,Silver,CZ,Medium,15588.295,0.012359128,Nízké,0,🟢 Udržet
ACC-00109,Bronze,SK,Medium,6642.1353,0.01817616,Nízké,0,🟢 Udržet
ACC-00111,Silver,CZ,High,63263.848,0.0064642983,Nízké,0,🟢 Udržet
ACC-00112,Silver,CZ,Low,879.2533,0.012907842,Nízké,0,
ACC-00114,Bronze,SK,Low,710.63574,0.8123049,Vysoké,1,
ACC-00115,Bronze,SK,Low,239.18053,0.77588475,Vysoké,1,
ACC-00117,Silver,CZ,Low,213.15746,0.80394065,Vysoké,1,
ACC-00118,Silver,CZ,Low,0.0,0.96080095,Vysoké,1,
ACC-00119,Silver,CZ,Low,185.84142,0.5287547,Střední,1,
ACC-00120,Bronze,CZ,Low,452.43152,0.89561284,Vysoké,1,
ACC-00121,Bronze,SK,Low,15.557834,0.82386214,Vysoké,1,
ACC-00123,Bronze,CZ,Low,421.68445,0.93910056,Vysoké,0,
ACC-00124,Silver,SK,Low,0.0,0.7270948,Vysoké,1,
ACC-00125,Bronze,CZ,Low,0.0,0.84833235,Vysoké,1,
ACC-00126,Silver,SK,Low,145.6823,0.9739174,Vysoké,1,
ACC-00127,Silver,CZ,Low,560.919,0.060898744,Nízké,0,
ACC-00128,Silver,CZ,Low,0.0,0.8536107,Vysoké,1,
ACC-00129,Silver,SK,Low,176.157,0.11893009,Nízké,0,
ACC-00130,Bronze,SK,Medium,13137.721,0.050756,Nízké,0,🟢 Udržet
ACC-00131,Silver,CZ,Low,0.0,0.4923737,Střední,0,
ACC-00133,Bronze,SK,Low,4047.3984,0.14817306,Nízké,0,
ACC-00134,Silver,CZ,Low,214.73051,0.24667928,Nízké,1,
ACC-00135,Silver,CZ,Low,188.02234,0.1885334,Nízké,0,
ACC-00136,Silver,CZ,Low,4918.429,0.018473994,Nízké,0,
ACC-00137,Bronze,CZ,Low,0.0,0.40429267,Střední,0,
ACC-00138,Bronze,CZ,Low,0.0,0.9008096,Vysoké,1,
ACC-00140,Bronze,SK,Low,2370.3845,0.23585321,Nízké,0,
ACC-00141,Gold,SK,Low,3835.887,0.22145273,Nízké,0,
ACC-00142,Silver,CZ,Low,870.32794,0.24557312,Nízké,0,
ACC-00143,Gold,CZ,Low,3230.3606,0.005278737,Nízké,0,
ACC-00144,Bronze,SK,Medium,16550.482,0.14782855,Nízké,0,🟢 Udržet
ACC-00145,Silver,CZ,Medium,13255.088,0.16679531,Nízké,1,🟢 Udržet
ACC-00148,Gold,CZ,Medium,14959.863,0.016907597,Nízké,0,🟢 Udržet
ACC-00149,Silver,CZ,Medium,12608.626,0.026526764,Nízké,0,🟢 Udržet
ACC-00150,Silver,CZ,Low,553.00256,0.010268355,Nízké,0,
ACC-00151,Bronze,CZ,Low,0.0,0.78489935,Vysoké,1,
ACC-00152,Silver,CZ,Low,2804.5867,0.3170223,Nízké,1,
ACC-00154,Silver,CZ,Low,3394.6343,0.32833928,Nízké,0,
ACC-00155,Bronze,SK,Medium,16931.857,0.04982888,Nízké,0,🟢 Udržet
ACC-00156,Bronze,CZ,Low,3143.7212,0.044288456,Nízké,0,
ACC-00157,Silver,CZ,Low,3769.4734,0.0816745,Nízké,0,
ACC-00158,Gold,SK,Low,0.0,0.16182607,Nízké,1,
ACC-00159,Bronze,CZ,Low,1928.2537,0.038168784,Nízké,0,
ACC-00160,Silver,SK,High,65945.08,0.012548264,Nízké,0,🟢 Udržet
ACC-00163,Bronze,SK,Low,1223.6101,0.6374541,Střední,1,
ACC-00164,Silver,CZ,High,38668.07,0.03617287,Nízké,0,🟢 Udržet
ACC-00165,Bronze,CZ,Low,0.0,0.9631227,Vysoké,1,
ACC-00166,Silver,CZ,Low,673.869,0.7154424,Vysoké,1,
ACC-00168,Bronze,SK,Low,71.91218,0.5204661,Střední,1,
ACC-00169,Bronze,CZ,Low,1439.0857,0.250674,Nízké,0,
ACC-00170,Gold,SK,Low,0.0,0.6100034,Střední,1,
ACC-00171,Silver,CZ,Low,0.0,0.72570926,Vysoké,1,
ACC-00172,Silver,CZ,Low,393.282,0.09177514,Nízké,0,
ACC-00173,Bronze,CZ,Low,983.10156,0.1391232,Nízké,0,
ACC-00175,Silver,CZ,Low,0.0,0.7361286,Vysoké,1,
ACC-00176,Silver,CZ,Low,837.00305,0.104557656,Nízké,0,
ACC-00178,Gold,CZ,Low,350.4591,0.013107786,Nízké,0,
ACC-00179,Gold,CZ,High,26479.076,0.017070998,Nízké,0,🟢 Udržet
ACC-00180,Silver,CZ,Low,303.26364,0.742512,Vysoké,0,
ACC-00181,Gold,CZ,Low,0.0,0.6127471,Střední,1,
ACC-00183,Silver,SK,Low,203.49988,0.7941291,Vysoké,1,
ACC-00186,Bronze,CZ,Low,0.0,0.93235075,Vysoké,1,
ACC-00190,Silver,SK,Medium,7991.821,0.024951447,Nízké,0,🟢 Udržet
ACC-00191,Bronze,SK,Low,1350.2001,0.0267844,Nízké,0,
ACC-00193,Silver,SK,Low,2267.483,0.0790298,Nízké,0,
ACC-00194,Bronze,SK,Low,588.0303,0.27862266,Nízké,0,
ACC-00195,Gold,CZ,Medium,7395.1504,0.12988849,Nízké,0,🟢 Udržet
ACC-00196,Silver,CZ,Low,903.33307,0.38415855,Střední,0,
ACC-00198,Silver,CZ,Low,380.03476,0.9477809,Vysoké,1,
ACC-00200,Silver,CZ,Low,0.0,0.91775745,Vysoké,1,
ACC-00201,Bronze,SK,Low,3048.9255,0.119210444,Nízké,0,
ACC-00202,Silver,SK,Low,384.83365,0.644994,Střední,1,
ACC-00204,Bronze,CZ,Low,322.11646,0.5024468,Střední,0,
ACC-00205,Bronze,CZ,Low,846.9137,0.008889116,Nízké,0,
ACC-00206,Bronze,CZ,Low,0.0,0.9511627,Vysoké,1,
ACC-00208,Bronze,CZ,Medium,13116.327,0.00830516,Nízké,0,🟢 Udržet
ACC-00209,Bronze,CZ,Low,599.4672,0.3596058,Střední,1,
ACC-00213,Bronze,SK,Low,0.0,0.83950925,Vysoké,1,
ACC-00216,Bronze,CZ,Medium,11830.006,0.024148265,Nízké,0,🟢 Udržet
ACC-00217,Bronze,CZ,Low,144.29434,0.775896,Vysoké,1,
ACC-00218,Bronze,SK,Medium,12214.193,0.010081703,Nízké,0,🟢 Udržet
ACC-00219,Bronze,CZ,Low,2266.4204,0.7929146,Vysoké,1,
ACC-00221,Bronze,SK,Low,1380.0536,0.5893405,Střední,1,
ACC-00224,Silver,CZ,Low,0.0,0.90041596,Vysoké,1,
ACC-00225,Bronze,CZ,Low,3625.6265,0.05933371,Nízké,0,
ACC-00226,Bronze,CZ,Low,663.0371,0.10525083,Nízké,0,
ACC-00228,Bronze,CZ,Medium,15895.11,0.08313697,Nízké,0,🟢 Udržet
ACC-00229,Gold,SK,Low,107.80968,0.14298187,Nízké,0,
ACC-00230,Silver,CZ,Low,440.56992,0.076625936,Nízké,0,
ACC-00231,Gold,CZ,High,81688.086,0.0068866825,Nízké,0,🟢 Udržet
ACC-00232,Gold,SK,Medium,6366.6636,0.0698179,Nízké,0,🟢 Udržet
ACC-00234,Gold,SK,Low,1150.9352,0.13930066,Nízké,1,
ACC-00237,Gold,SK,Low,187.1768,0.9504153,Vysoké,1,
ACC-00238,Bronze,CZ,Low,0.0,0.63335705,Střední,0,
ACC-00239,Silver,SK,Low,2948.7517,0.13583368,Nízké,0,
ACC-00240,Bronze,CZ,Low,27.902412,0.17800985,Nízké,0,
ACC-00241,Bronze,CZ,Low,4278.736,0.9606029,Vysoké,1,
ACC-00242,Silver,SK,Low,0.0,0.82955486,Vysoké,1,
ACC-00244,Bronze,CZ,Low,686.1534,0.6947987,Vysoké,1,
ACC-00246,Gold,CZ,Low,0.0,0.35249257,Střední,0,
ACC-00247,Silver,CZ,Low,126.3449,0.07794857,Nízké,0,
ACC-00248,Silver,CZ,Medium,11762.51,0.0070013944,Nízké,0,🟢 Udržet
ACC-00250,Bronze,CZ,Low,0.0,0.78190786,Vysoké,1,
ACC-00251,Bronze,SK,Low,0.0,0.8121567,Vysoké,1,
ACC-00252,Bronze,CZ,Low,26.072006,0.9602638,Vysoké,1,
ACC-00253,Gold,CZ,High,53376.332,0.10616171,Nízké,0,🟢 Udržet
ACC-00254,Silver,CZ,Low,532.68335,0.37298685,Střední,0,
ACC-00255,Gold,CZ,Low,0.0,0.6637308,Vysoké,1,
ACC-00257,Bronze,SK,Medium,15609.161,0.030263849,Nízké,0,🟢 Udržet
ACC-00258,Silver,CZ,Low,210.3895,0.86861366,Vysoké,1,
ACC-00260,Gold,SK,Low,108.82309,0.104213685,Nízké,0,
ACC-00262,Gold,CZ,Low,0.0,0.13000377,Nízké,1,
ACC-00263,Silver,SK,Low,102.869125,0.8327975,Vysoké,1,
ACC-00265,Gold,CZ,High,25564.254,0.018266639,Nízké,0,🟢 Udržet
ACC-00266,Gold,CZ,Medium,8300.679,0.026964571,Nízké,0,🟢 Udržet
ACC-00267,Bronze,CZ,Low,0.0,0.9389341,Vysoké,1,
ACC-00268,Bronze,CZ,Low,0.0,0.6985661,Vysoké,1,
ACC-00269,Silver,SK,Medium,24995.916,0.0126842,Nízké,0,🟢 Udržet
ACC-00270,Silver,CZ,Medium,21602.738,0.5267842,Střední,0,
ACC-00271,Bronze,CZ,Low,306.6145,0.8460444,Vysoké,1,
ACC-00272,Gold,CZ,Low,603.1509,0.023829132,Nízké,0,
ACC-00273,Gold,CZ,Low,0.0,0.09905845,Nízké,0,
ACC-00275,Silver,CZ,Medium,6621.7495,0.011239721,Nízké,0,🟢 Udržet
ACC-00277,Gold,CZ,Low,1513.2279,0.018217696,Nízké,0,
ACC-00279,Bronze,CZ,Medium,7041.752,0.027981045,Nízké,0,🟢 Udržet
ACC-00281,Bronze,CZ,Low,0.0,0.95478594,Vysoké,1,
ACC-00283,Bronze,CZ,Medium,6736.8213,0.023859773,Nízké,0,🟢 Udržet
ACC-00284,Gold,CZ,High,28636.578,0.10330175,Nízké,0,🟢 Udržet
ACC-00285,Gold,SK,Low,0.0,0.91524005,Vysoké,1,
ACC-00286,Gold,SK,Low,0.0,0.8087281,Vysoké,1,
ACC-00288,Silver,CZ,Low,1113.0869,0.16679844,Nízké,0,
ACC-00290,Bronze,CZ,Low,1108.1207,0.124134935,Nízké,0,
ACC-00291,Silver,CZ,Low,0.0,0.7253519,Vysoké,1,
ACC-00292,Silver,SK,Low,3712.9553,0.14398196,Nízké,0,
ACC-00293,Bronze,CZ,Low,0.0,0.6470612,Střední,1,
ACC-00297,Silver,CZ,Low,443.76852,0.6045926,Střední,1,
ACC-00298,Silver,CZ,Low,92.585144,0.98061174,Vysoké,1,
ACC-00301,Silver,CZ,Low,896.21014,0.23598044,Nízké,0,
ACC-00303,Gold,CZ,Medium,21316.674,0.07593789,Nízké,0,🟢 Udržet
ACC-00304,Silver,CZ,Low,1151.5273,0.040715624,Nízké,0,
ACC-00305,Bronze,CZ,Low,0.0,0.94010293,Vysoké,1,
ACC-00306,Silver,CZ,Low,360.57874,0.029795649,Nízké,0,
ACC-00307,Bronze,CZ,Low,588.5996,0.9380259,Vysoké,1,
ACC-00308,Gold,SK,Low,0.0,0.867262,Vysoké,1,
ACC-00310,Silver,SK,Low,924.52795,0.9499341,Vysoké,1,
ACC-00311,Silver,CZ,Medium,19376.115,0.016008448,Nízké,0,🟢 Udržet
ACC-00312,Silver,CZ,Low,0.0,0.8406983,Vysoké,1,
ACC-00313,Bronze,CZ,Low,0.0,0.6437456,Střední,1,
ACC-00314,Silver,CZ,Low,206.93442,0.34293756,Nízké,1,
ACC-00315,Silver,CZ,Low,2709.4944,0.9340053,Vysoké,1,
ACC-00316,Silver,SK,Low,0.0,0.23908137,Nízké,0,
ACC-00318,Bronze,CZ,Low,141.77287,0.76500535,Vysoké,1,
ACC-00319,Silver,CZ,Low,0.0,0.50395477,Střední,1,
ACC-00320,Bronze,CZ,Low,85.09687,0.15072574,Nízké,0,
ACC-00321,Bronze,CZ,Low,0.0,0.052993473,Nízké,0,
ACC-00322,Silver,CZ,Low,3939.1118,0.018406248,Nízké,0,
ACC-00323,Silver,CZ,Low,2432.377,0.079871364,Nízké,0,
ACC-00325,Gold,CZ,High,45397.137,0.0715777,Nízké,0,🟢 Udržet
ACC-00326,Gold,CZ,Low,9.2729645,0.97458875,Vysoké,1,
ACC-00329,Silver,CZ,Low,2407.1895,0.9275156,Vysoké,1,
ACC-00330,Bronze,CZ,Low,255.46814,0.23731191,Nízké,1,
ACC-00332,Bronze,CZ,Low,0.0,0.8994556,Vysoké,1,
ACC-00334,Bronze,CZ,Medium,6721.366,0.30537355,Nízké,0,🟢 Udržet
ACC-00336,Gold,CZ,High,59850.934,0.004124354,Nízké,0,🟢 Udržet
ACC-00341,Silver,SK,Medium,7258.6577,0.018748479,Nízké,0,🟢 Udržet
ACC-00342,Silver,CZ,Low,1.6488845,0.23732905,Nízké,0,
ACC-00344,Bronze,CZ,Low,457.58163,0.09701035,Nízké,0,
ACC-00345,Bronze,CZ,Medium,5003.4844,0.76748466,Vysoké,0,🟡 Cílená kampaň
ACC-00346,Silver,CZ,High,48118.734,0.20798795,Nízké,0,🟢 Udržet
ACC-00347,Bronze,CZ,Low,3096.027,0.5445486,Střední,0,
ACC-00350,Bronze,SK,Medium,12949.914,0.3337816,Nízké,0,🟢 Udržet
ACC-00351,Bronze,SK,Low,426.04236,0.5009743,Střední,1,
ACC-00352,Bronze,CZ,Low,82.358246,0.9100498,Vysoké,1,
ACC-00353,Silver,CZ,Low,393.28033,0.5911321,Střední,1,
ACC-00354,Silver,SK,Medium,14078.935,0.023941897,Nízké,0,🟢 Udržet
ACC-00355,Bronze,CZ,Low,491.50504,0.9525202,Vysoké,1,
ACC-00356,Bronze,CZ,Low,2493.172,0.09565359,Nízké,0,
ACC-00357,Bronze,CZ,Low,0.0,0.99188024,Vysoké,1,
ACC-00359,Gold,CZ,Medium,11630.309,0.027908588,Nízké,0,🟢 Udržet
ACC-00360,Bronze,CZ,Low,215.12285,0.3221466,Nízké,0,
ACC-00361,Silver,CZ,Low,48.30943,0.3703691,Střední,0,
ACC-00362,Bronze,CZ,Low,224.98872,0.74453187,Vysoké,1,
ACC-00363,Silver,CZ,Low,676.72705,0.24343295,Nízké,1,
ACC-00364,Silver,SK,High,82919.66,0.00888468,Nízké,0,🟢 Udržet
ACC-00365,Bronze,CZ,Low,0.0,0.8081417,Vysoké,1,
ACC-00367,Silver,CZ,Low,279.7419,0.80211574,Vysoké,0,
ACC-00368,Gold,CZ,Medium,10119.662,0.28173295,Nízké,0,🟢 Udržet
ACC-00369,Bronze,CZ,Low,73.316025,0.7020711,Vysoké,1,
ACC-00370,Gold,CZ,High,72307.266,0.02580834,Nízké,0,🟢 Udržet
ACC-00371,Gold,CZ,Low,160.14836,0.643322,Střední,1,
ACC-00372,Silver,CZ,Medium,6931.3374,0.07541595,Nízké,0,🟢 Udržet
ACC-00373,Silver,CZ,Low,124.3704,0.96729004,Vysoké,1,
ACC-00374,Bronze,SK,Medium,15749.95,0.6401549,Střední,0,
ACC-00375,Gold,CZ,Low,1095.3651,0.2272218,Nízké,0,
ACC-00376,Silver,CZ,Low,280.18433,0.049285326,Nízké,0,
ACC-00377,Bronze,SK,Low,381.2912,0.75277215,Vysoké,1,
ACC-00378,Bronze,CZ,Medium,6454.325,0.30734614,Nízké,0,🟢 Udržet
ACC-00379,Silver,CZ,Medium,12655.848,0.33197188,Nízké,0,🟢 Udržet
ACC-00381,Bronze,CZ,Low,2064.4343,0.22207573,Nízké,0,
ACC-00382,Gold,CZ,Low,888.47266,0.124860056,Nízké,0,
ACC-00383,Gold,CZ,Medium,6577.0537,0.03281797,Nízké,0,🟢 Udržet
ACC-00385,Silver,CZ,Low,218.43356,0.46069604,Střední,1,
ACC-00386,Gold,CZ,Low,0.0,0.3400395,Nízké,1,
ACC-00387,Silver,SK,Low,222.41696,0.75177723,Vysoké,0,
ACC-00388,Bronze,CZ,Medium,19528.775,0.073014505,Nízké,0,🟢 Udržet
ACC-00389,Bronze,CZ,Medium,15639.38,0.048845947,Nízké,0,🟢 Udržet
ACC-00390,Bronze,CZ,Low,280.7044,0.40396395,Střední,0,
ACC-00391,Bronze,CZ,Medium,12652.128,0.18128774,Nízké,0,🟢 Udržet
ACC-00392,Bronze,CZ,Low,147.79468,0.872334,Vysoké,0,
ACC-00393,Silver,CZ,Medium,5679.914,0.21760495,Nízké,0,🟢 Udržet
ACC-00394,Silver,CZ,Medium,15625.543,0.27812222,Nízké,0,🟢 Udržet
ACC-00397,Bronze,CZ,Low,0.0,0.9228817,Vysoké,1,
ACC-00399,Gold,CZ,Low,2579.9958,0.66764104,Vysoké,0,
ACC-00401,Silver,CZ,Low,4067.2473,0.06631199,Nízké,0,
ACC-00402,Silver,SK,Medium,15459.699,0.25779772,Nízké,0,🟢 Udržet
ACC-00403,Bronze,CZ,Low,579.27606,0.16604231,Nízké,0,
ACC-00404,Silver,CZ,Low,494.33844,0.896909,Vysoké,1,
ACC-00405,Bronze,SK,Low,0.0,0.939573,Vysoké,1,
ACC-00406,Bronze,CZ,Low,0.0,0.6443605,Střední,1,
ACC-00407,Bronze,CZ,Low,433.12756,0.9005266,Vysoké,1,
ACC-00408,Silver,SK,Low,13.6463375,0.75629616,Vysoké,1,
ACC-00409,Silver,SK,Low,1084.6034,0.18713337,Nízké,0,
ACC-00410,Gold,SK,Low,13.066465,0.4338011,Střední,1,
ACC-00411,Gold,CZ,Low,115.874695,0.8221975,Vysoké,1,
ACC-00412,Bronze,CZ,Low,860.7715,0.85600567,Vysoké,1,
ACC-00413,Bronze,CZ,Low,586.4608,0.045902096,Nízké,0,
ACC-00414,Gold,CZ,Medium,9193.682,0.07615433,Nízké,0,🟢 Udržet
ACC-00415,Silver,SK,Low,82.36214,0.8655196,Vysoké,1,
ACC-00416,Bronze,CZ,Low,598.9541,0.23087743,Nízké,0,
ACC-00418,Silver,CZ,Low,276.96155,0.0054168636,Nízké,0,
ACC-00419,Silver,SK,Low,99.73418,0.23170902,Nízké,0,
ACC-00420,Gold,SK,Medium,23550.73,0.0054788976,Nízké,0,🟢 Udržet
ACC-00421,Silver,CZ,Low,458.43906,0.049045328,Nízké,0,
ACC-00422,Bronze,CZ,High,31338.334,0.2142219,Nízké,0,🟢 Udržet
ACC-00423,Silver,CZ,Low,83.00323,0.6268727,Střední,1,
ACC-00424,Bronze,CZ,Medium,5781.24,0.049204677,Nízké,0,🟢 Udržet
ACC-00426,Silver,CZ,Low,4393.758,0.065980494,Nízké,0,
ACC-00428,Silver,CZ,Low,256.20227,0.94185793,Vysoké,1,
ACC-00429,Bronze,CZ,Low,80.13716,0.9781301,Vysoké,1,
ACC-00430,Bronze,CZ,Low,629.22046,0.86742043,Vysoké,1,
ACC-00432,Silver,CZ,Low,8.65243,0.88103276,Vysoké,1,
ACC-00433,Bronze,CZ,Low,4817.2837,0.025874402,Nízké,0,
ACC-00434,Bronze,CZ,Low,1935.3016,0.5270206,Střední,0,
ACC-00435,Silver,CZ,Medium,12582.205,0.050816406,Nízké,0,🟢 Udržet
ACC-00436,Bronze,CZ,Low,329.94354,0.8606752,Vysoké,1,
ACC-00437,Bronze,SK,Low,1097.8932,0.087090686,Nízké,0,
ACC-00438,Silver,CZ,Low,40.012928,0.9501995,Vysoké,1,
ACC-00439,Bronze,CZ,Low,3493.0322,0.3421336,Nízké,0,
ACC-00440,Silver,CZ,Low,939.16516,0.1057381,Nízké,0,
ACC-00441,Silver,CZ,Low,32.832508,0.9797917,Vysoké,1,
ACC-00442,Bronze,SK,Low,312.85828,0.07456185,Nízké,0,
ACC-00443,Bronze,CZ,Low,2436.732,0.2850043,Nízké,1,
ACC-00444,Bronze,CZ,Low,1251.2845,0.32431406,Nízké,0,
ACC-00445,Silver,CZ,Low,0.0,0.091447055,Nízké,0,
ACC-00446,Bronze,SK,Low,0.0,0.96344495,Vysoké,1,
ACC-00447,Bronze,CZ,Low,0.0,0.92726046,Vysoké,1,
ACC-00448,Bronze,SK,Low,115.335,0.93464303,Vysoké,1,
ACC-00450,Bronze,CZ,Low,3166.177,0.89560735,Vysoké,1,
ACC-00451,Silver,CZ,Low,285.67154,0.07790011,Nízké,0,
ACC-00452,Silver,CZ,Low,56.891895,0.693704,Vysoké,1,
ACC-00453,Bronze,CZ,Low,883.50867,0.01720498,Nízké,0,
ACC-00454,Gold,SK,Low,506.929,0.041106187,Nízké,0,
ACC-00455,Bronze,CZ,Low,243.56587,0.35380265,Střední,0,
ACC-00458,Gold,SK,High,29264.18,0.0023604543,Nízké,0,🟢 Udržet
ACC-00460,Silver,CZ,Low,0.0,0.9628554,Vysoké,1,
ACC-00462,Silver,SK,Medium,22363.361,0.017272886,Nízké,0,🟢 Udržet
ACC-00463,Gold,CZ,Low,3858.076,0.09305334,Nízké,0,
ACC-00464,Bronze,SK,Low,45.161465,0.9364699,Vysoké,1,
ACC-00465,Gold,SK,Low,4715.5435,0.0882282,Nízké,0,
ACC-00466,Bronze,CZ,Low,0.0,0.7674269,Vysoké,1,
ACC-00468,Silver,CZ,Medium,9852.441,0.007988421,Nízké,0,🟢 Udržet
ACC-00469,Bronze,SK,Low,0.29783922,0.79390377,Vysoké,1,
ACC-00470,Silver,CZ,Low,0.0,0.8023788,Vysoké,1,
ACC-00472,Bronze,CZ,Low,1929.8856,0.8993295,Vysoké,1,
ACC-00474,Silver,CZ,High,74302.9,0.060289115,Nízké,0,🟢 Udržet
ACC-00475,Silver,CZ,Low,0.0,0.6804195,Vysoké,1,
ACC-00476,Bronze,CZ,Low,142.60733,0.1777972,Nízké,0,
ACC-00477,Silver,SK,Low,258.12408,0.094481416,Nízké,0,
ACC-00480,Bronze,CZ,Low,0.0,0.80281997,Vysoké,1,
ACC-00481,Bronze,CZ,Low,132.66899,0.17409126,Nízké,0,
ACC-00482,Bronze,CZ,Low,1140.8303,0.4801215,Střední,1,
ACC-00486,Gold,CZ,Low,126.08859,0.13588412,Nízké,0,
ACC-00487,Bronze,CZ,Low,1271.3899,0.026406378,Nízké,0,
ACC-00488,Bronze,CZ,Low,0.0,0.11833962,Nízké,0,
ACC-00489,Bronze,CZ,Low,159.66132,0.74407876,Vysoké,1,
ACC-00490,Gold,CZ,Low,0.0,0.14070344,Nízké,0,
ACC-00491,Silver,CZ,Low,2300.591,0.85407555,Vysoké,1,
ACC-00492,Bronze,CZ,Medium,18358.943,0.032131575,Nízké,0,🟢 Udržet
ACC-00494,Silver,CZ,Low,1189.8456,0.28487566,Nízké,0,
ACC-00495,Bronze,CZ,Low,0.0,0.92367035,Vysoké,1,
ACC-00499,Silver,SK,Low,101.3756,0.23760022,Nízké,1,
ACC-00501,Silver,CZ,Low,482.36264,0.011166357,Nízké,0,
ACC-00502,Gold,CZ,Low,55.60217,0.6021013,Střední,1,
ACC-00503,Silver,CZ,Low,458.7465,0.08810362,Nízké,0,
ACC-00507,Bronze,CZ,Low,0.0,0.91237533,Vysoké,1,
ACC-00515,Silver,CZ,High,28270.37,0.027378673,Nízké,0,🟢 Udržet
ACC-00516,Bronze,CZ,Low,0.0,0.9040989,Vysoké,1,
ACC-00517,Bronze,CZ,Medium,17931.504,0.012780997,Nízké,0,🟢 Udržet
ACC-00518,Bronze,CZ,Low,0.0,0.30704433,Nízké,0,
ACC-00519,Silver,CZ,Medium,20113.21,0.18366243,Nízké,0,🟢 Udržet
ACC-00520,Bronze,SK,Medium,15290.724,0.006813402,Nízké,0,🟢 Udržet
ACC-00521,Bronze,CZ,Low,930.325,0.16877602,Nízké,0,
ACC-00522,Silver,CZ,Low,0.0,0.4081023,Střední,0,
ACC-00523,Silver,CZ,Medium,6803.5166,0.01645056,Nízké,0,🟢 Udržet
ACC-00524,Gold,CZ,High,39734.203,0.0055946107,Nízké,0,🟢 Udržet
ACC-00525,Bronze,SK,Low,494.9075,0.15054716,Nízké,0,
ACC-00526,Silver,CZ,Low,99.261055,0.7019026,Vysoké,1,
ACC-00527,Silver,CZ,Low,2422.5881,0.7336795,Vysoké,0,
ACC-00529,Silver,CZ,Low,0.0,0.6632956,Vysoké,1,
ACC-00530,Silver,CZ,Low,397.01584,0.13679323,Nízké,0,
ACC-00531,Bronze,CZ,Low,285.67496,0.33201063,Nízké,0,
ACC-00533,Bronze,CZ,Low,0.0,0.9248413,Vysoké,1,
ACC-00534,Silver,CZ,Medium,7903.662,0.07358962,Nízké,0,🟢 Udržet
ACC-00535,Silver,SK,Medium,24400.33,0.030393057,Nízké,0,🟢 Udržet
ACC-00541,Silver,CZ,Low,436.48837,0.9377103,Vysoké,1,
ACC-00542,Bronze,SK,Low,0.0,0.9175752,Vysoké,1,
ACC-00544,Silver,SK,Low,430.16605,0.011936852,Nízké,0,
ACC-00546,Silver,CZ,Low,55.17725,0.013375162,Nízké,0,
ACC-00547,Silver,CZ,Low,0.0,0.2288229,Nízké,0,
ACC-00551,Gold,CZ,High,43480.332,0.17702605,Nízké,0,🟢 Udržet
ACC-00553,Bronze,CZ,Low,0.0,0.9740172,Vysoké,1,
ACC-00554,Silver,SK,Low,0.0,0.9259322,Vysoké,1,
ACC-00557,Silver,CZ,Low,0.0,0.8704487,Vysoké,1,
ACC-00558,Silver,CZ,Low,0.0,0.8711809,Vysoké,1,
ACC-00559,Bronze,CZ,Low,0.0,0.9449702,Vysoké,1,
ACC-00561,Gold,CZ,Low,4133.8604,0.16768871,Nízké,0,
ACC-00563,Silver,CZ,Low,0.0,0.3219292,Nízké,0,
ACC-00564,Silver,CZ,Low,0.0,0.17541815,Nízké,0,
ACC-00565,Gold,CZ,High,41379.03,0.041963696,Nízké,0,🟢 Udržet
ACC-00566,Silver,CZ,Low,0.0,0.94521016,Vysoké,1,
ACC-00567,Silver,CZ,Low,0.0,0.07884978,Nízké,0,
ACC-00568,Bronze,SK,Low,222.49901,0.8460543,Vysoké,1,
ACC-00569,Bronze,CZ,Low,0.0,0.7460456,Vysoké,1,
ACC-00571,Bronze,CZ,Medium,5872.603,0.5526189,Střední,0,
ACC-00572,Bronze,CZ,Low,3913.0542,0.061327126,Nízké,0,
ACC-00573,Bronze,CZ,Low,0.0,0.8514271,Vysoké,1,
ACC-00574,Gold,SK,High,52946.605,0.0026462574,Nízké,0,🟢 Udržet
ACC-00575,Silver,SK,Low,507.2082,0.054331314,Nízké,0,
ACC-00578,Bronze,CZ,Low,210.3313,0.97757614,Vysoké,1,
ACC-00579,Silver,CZ,Low,1853.4797,0.26380903,Nízké,0,
ACC-00580,Bronze,CZ,Low,0.0,0.7961705,Vysoké,1,
ACC-00581,Bronze,CZ,Low,500.06894,0.826599,Vysoké,1,
ACC-00582,Bronze,CZ,Low,0.0,0.9646055,Vysoké,1,
ACC-00583,Silver,SK,Medium,14408.011,0.037689965,Nízké,0,🟢 Udržet
ACC-00584,Bronze,CZ,Low,355.96063,0.19188145,Nízké,0,
ACC-00586,Bronze,CZ,Low,309.3678,0.3731048,Střední,0,
ACC-00588,Gold,CZ,Low,3978.1838,0.103052616,Nízké,0,
ACC-00589,Bronze,CZ,High,54325.49,0.030101458,Nízké,0,🟢 Udržet
ACC-00591,Bronze,CZ,Low,0.0,0.9343957,Vysoké,1,
ACC-00592,Silver,SK,Low,2442.289,0.36842325,Střední,0,
ACC-00593,Silver,SK,Low,0.0,0.77313924,Vysoké,1,
ACC-00594,Silver,CZ,High,60275.25,0.011932331,Nízké,0,🟢 Udržet
ACC-00595,Gold,CZ,High,32069.96,0.14353022,Nízké,0,🟢 Udržet
ACC-00597,Gold,SK,Low,3016.0933,0.7619723,Vysoké,1,
ACC-00599,Bronze,CZ,Medium,9962.351,0.016852703,Nízké,0,🟢 Udržet
ACC-00600,Bronze,CZ,Low,0.0,0.7925976,Vysoké,1,
ACC-00601,Bronze,CZ,Low,3752.4436,0.035406716,Nízké,0,
ACC-00602,Bronze,CZ,Low,2464.2014,0.29864565,Nízké,0,
ACC-00603,Bronze,SK,Low,716.91486,0.3837713,Střední,0,
ACC-00604,Bronze,CZ,Medium,11285.288,0.18618771,Nízké,0,🟢 Udržet
ACC-00605,Silver,SK,Low,596.21936,0.8975885,Vysoké,1,
ACC-00606,Silver,CZ,Low,0.0,0.5742353,Střední,1,
ACC-00607,Bronze,CZ,Low,0.0,0.98991406,Vysoké,1,
ACC-00609,Bronze,CZ,Low,4213.7915,0.056613006,Nízké,0,
ACC-00610,Bronze,CZ,Low,1277.7821,0.16292875,Nízké,0,
ACC-00611,Silver,CZ,Low,609.6261,0.06567731,Nízké,0,
ACC-00612,Silver,SK,Low,0.0,0.46661508,Střední,1,
ACC-00613,Bronze,SK,Low,210.44759,0.57317674,Střední,1,
ACC-00614,Bronze,CZ,Low,0.0,0.81999916,Vysoké,1,
ACC-00616,Gold,CZ,Low,279.6447,0.5607172,Střední,0,
ACC-00617,Bronze,SK,Low,179.59618,0.8753573,Vysoké,1,
ACC-00621,Gold,CZ,Medium,15956.366,0.021455118,Nízké,0,🟢 Udržet
ACC-00622,Silver,CZ,Medium,19165.732,0.1028119,Nízké,0,🟢 Udržet
ACC-00625,Gold,CZ,Low,941.91125,0.2565348,Nízké,1,
ACC-00626,Silver,SK,Low,0.0,0.8823575,Vysoké,1,
ACC-00628,Bronze,CZ,Low,0.0,0.7643798,Vysoké,1,
ACC-00629,Bronze,CZ,Low,321.62192,0.07373133,Nízké,0,
ACC-00631,Bronze,SK,Low,1776.2125,0.9165706,Vysoké,1,
ACC-00632,Bronze,SK,Low,2286.5698,0.71334964,Vysoké,1,
ACC-00634,Bronze,CZ,Low,57.71957,0.73995525,Vysoké,1,
ACC-00635,Silver,CZ,Low,437.1087,0.0903932,Nízké,0,
ACC-00637,Bronze,CZ,Low,2009.4922,0.42713907,Střední,0,
ACC-00638,Silver,SK,Medium,19183.033,0.033086535,Nízké,0,🟢 Udržet
ACC-00640,Silver,CZ,High,42251.742,0.8054316,Vysoké,1,🔴 Okamžitá retence
ACC-00643,Bronze,SK,Low,148.01517,0.46499637,Střední,1,
ACC-00644,Gold,SK,Medium,7865.5645,0.041508786,Nízké,0,🟢 Udržet
ACC-00645,Silver,CZ,Low,325.73328,0.8544473,Vysoké,1,
ACC-00646,Silver,CZ,High,28799.506,0.39774722,Střední,0,🟡 Sledovat
ACC-00647,Silver,CZ,Low,237.8758,0.7756419,Vysoké,1,
ACC-00648,Bronze,CZ,Low,0.0,0.79896677,Vysoké,1,
ACC-00649,Bronze,CZ,Low,760.3047,0.04324445,Nízké,0,
ACC-00650,Bronze,CZ,Low,659.4783,0.8937821,Vysoké,1,
ACC-00652,Silver,SK,Low,92.082466,0.075538896,Nízké,0,
ACC-00655,Silver,SK,Low,278.72864,0.42238584,Střední,1,
ACC-00656,Silver,CZ,High,162862.62,0.012135446,Nízké,0,🟢 Udržet
ACC-00659,Bronze,CZ,Low,0.0,0.7784828,Vysoké,1,
ACC-00660,Silver,CZ,Low,775.03687,0.029714918,Nízké,0,
ACC-00661,Bronze,SK,Low,58.74808,0.9314856,Vysoké,1,
ACC-00663,Bronze,SK,Low,146.51468,0.7649905,Vysoké,1,
ACC-00664,Bronze,CZ,Low,5.875993,0.9800995,Vysoké,1,
ACC-00665,Silver,CZ,Medium,9395.263,0.34604025,Nízké,1,🟢 Udržet
ACC-00666,Silver,CZ,Low,342.10934,0.07783517,Nízké,0,
ACC-00668,Gold,CZ,High,46890.707,0.2266161,Nízké,0,🟢 Udržet
ACC-00670,Silver,SK,Low,339.44916,0.8637371,Vysoké,1,
ACC-00672,Silver,CZ,Low,565.5357,0.75073797,Vysoké,1,
ACC-00673,Gold,CZ,Low,35.5036,0.90874255,Vysoké,1,
ACC-00679,Silver,CZ,Medium,23708.162,0.0043120566,Nízké,0,🟢 Udržet
ACC-00680,Gold,CZ,Low,0.0,0.104403466,Nízké,0,
ACC-00681,Bronze,CZ,Low,558.0945,0.09500041,Nízké,0,
ACC-00682,Silver,CZ,Low,0.0,0.084496886,Nízké,0,
ACC-00683,Silver,CZ,Medium,7899.924,0.029305963,Nízké,0,🟢 Udržet
ACC-00686,Silver,CZ,Low,326.94342,0.05924023,Nízké,0,
ACC-00687,Bronze,CZ,Low,55.52708,0.8783947,Vysoké,1,
ACC-00688,Bronze,CZ,Low,455.74127,0.2537191,Nízké,0,
ACC-00692,Silver,CZ,Low,352.59738,0.31299317,Nízké,0,
ACC-00695,Silver,CZ,Medium,8113.672,0.0071171178,Nízké,0,🟢 Udržet
ACC-00696,Silver,CZ,Low,1468.0442,0.61861825,Střední,0,
ACC-00697,Silver,CZ,Low,188.90472,0.48097688,Střední,0,
ACC-00698,Bronze,SK,Low,3039.5386,0.6984022,Vysoké,0,
ACC-00699,Bronze,SK,Low,988.3624,0.071789235,Nízké,0,
ACC-00700,Silver,CZ,Low,0.0,0.35582227,Střední,1,
ACC-00701,Bronze,CZ,Low,109.11521,0.89043516,Vysoké,1,
ACC-00702,Bronze,CZ,Low,833.4619,0.41652521,Střední,0,
ACC-00704,Gold,CZ,Low,0.0,0.80581975,Vysoké,1,
ACC-00707,Silver,CZ,Low,0.0,0.8367094,Vysoké,1,
ACC-00708,Bronze,CZ,Low,374.1578,0.40984237,Střední,1,
ACC-00709,Silver,SK,Low,3392.527,0.07552919,Nízké,0,
ACC-00711,Bronze,CZ,Low,0.0,0.49292728,Střední,1,
ACC-00712,Silver,CZ,Low,644.7233,0.0462881,Nízké,0,
ACC-00716,Bronze,CZ,Low,3511.908,0.21473168,Nízké,0,
ACC-00719,Bronze,CZ,Low,463.58542,0.37815315,Střední,0,
ACC-00720,Bronze,CZ,Low,486.78354,0.3660823,Střední,0,
ACC-00721,Silver,CZ,Low,574.6628,0.3090195,Nízké,0,
ACC-00722,Bronze,CZ,Low,0.0,0.21339925,Nízké,0,
ACC-00723,Gold,CZ,Low,409.0682,0.86427695,Vysoké,1,
ACC-00724,Silver,CZ,Low,24.84031,0.5851033,Střední,1,
ACC-00727,Bronze,SK,Medium,7835.5444,0.0050325166,Nízké,0,🟢 Udržet
ACC-00728,Gold,CZ,Low,874.0305,0.95221233,Vysoké,1,
ACC-00730,Bronze,CZ,Medium,5911.9277,0.10203923,Nízké,0,🟢 Udržet
ACC-00731,Bronze,CZ,Low,0.0,0.6167227,Střední,1,
ACC-00732,Bronze,SK,Low,85.050964,0.94413966,Vysoké,1,
ACC-00733,Bronze,CZ,Low,31.094385,0.78100884,Vysoké,1,
ACC-00734,Silver,SK,Medium,6637.1313,0.24255128,Nízké,0,🟢 Udržet
ACC-00736,Silver,CZ,Low,0.0,0.5755593,Střední,0,
ACC-00737,Gold,CZ,Low,0.0,0.7723935,Vysoké,1,
ACC-00739,Silver,CZ,Low,1371.5236,0.019520316,Nízké,0,
ACC-00742,Gold,SK,Low,1069.2638,0.022700297,Nízké,0,
ACC-00743,Gold,CZ,Medium,14129.128,0.038096283,Nízké,0,🟢 Udržet
ACC-00744,Bronze,CZ,Medium,14617.222,0.08226366,Nízké,0,🟢 Udržet
ACC-00745,Gold,CZ,Medium,6913.924,0.0100739915,Nízké,0,🟢 Udržet
ACC-00747,Silver,SK,Low,0.0,0.29464707,Nízké,1,
ACC-00748,Bronze,CZ,Low,429.97144,0.8775413,Vysoké,1,
ACC-00749,Silver,CZ,High,47140.934,0.053415805,Nízké,0,🟢 Udržet
ACC-00750,Bronze,SK,Low,0.0,0.16932924,Nízké,0,
ACC-00751,Silver,CZ,Low,4951.8184,0.0059865867,Nízké,0,
ACC-00752,Bronze,SK,Low,296.69214,0.14199,Nízké,0,
ACC-00753,Gold,SK,Low,151.16664,0.89105475,Vysoké,1,
ACC-00754,Bronze,CZ,Low,15.03063,0.591713,Střední,0,
ACC-00755,Silver,CZ,Low,95.230385,0.3752115,Střední,0,
ACC-00756,Gold,SK,Low,52.161217,0.16032547,Nízké,0,
ACC-00757,Bronze,CZ,Low,182.59048,0.83790743,Vysoké,1,
ACC-00759,Bronze,CZ,Low,746.1465,0.6391289,Střední,1,
ACC-00762,Bronze,SK,Low,123.01873,0.420515,Střední,0,
ACC-00764,Bronze,SK,Medium,8959.196,0.29857254,Nízké,0,🟢 Udržet
ACC-00765,Silver,CZ,Low,112.07062,0.07098227,Nízké,0,
ACC-00766,Silver,CZ,Medium,5675.9087,0.013724617,Nízké,0,🟢 Udržet
ACC-00767,Silver,CZ,Low,713.2548,0.08551223,Nízké,0,
ACC-00768,Silver,CZ,Medium,15193.215,0.062003594,Nízké,0,🟢 Udržet
ACC-00769,Bronze,CZ,Low,250.32417,0.82269204,Vysoké,1,
ACC-00771,Gold,CZ,Medium,5196.212,0.1682356,Nízké,1,🟢 Udržet
ACC-00772,Silver,SK,Low,0.0,0.9160061,Vysoké,1,
ACC-00777,Silver,SK,Medium,22367.9,0.12560791,Nízké,0,🟢 Udržet
ACC-00780,Silver,SK,High,155532.36,0.0061722463,Nízké,0,🟢 Udržet
ACC-00784,Silver,CZ,Low,1014.54004,0.49120393,Střední,1,
ACC-00785,Silver,SK,Low,1534.6268,0.27019912,Nízké,0,
ACC-00786,Silver,SK,Low,245.3532,0.8600386,Vysoké,1,
ACC-00788,Gold,CZ,Low,1767.0204,0.74702054,Vysoké,1,
ACC-00789,Gold,CZ,Low,609.82074,0.87528676,Vysoké,1,
ACC-00791,Silver,SK,Low,2926.3755,0.006342993,Nízké,0,
ACC-00792,Bronze,CZ,Low,681.0857,0.14238094,Nízké,0,
ACC-00793,Bronze,CZ,Low,61.30353,0.8237231,Vysoké,1,
ACC-00794,Silver,CZ,High,148028.31,0.007184602,Nízké,0,🟢 Udržet
ACC-00795,Silver,CZ,Low,0.0,0.45535925,Střední,1,
ACC-00796,Bronze,CZ,Low,190.68176,0.9694238,Vysoké,1,
ACC-00797,Gold,CZ,Medium,8157.171,0.12411557,Nízké,0,🟢 Udržet
ACC-00798,Silver,CZ,Low,0.0,0.96237004,Vysoké,1,
ACC-00799,Bronze,CZ,Low,0.0,0.94357437,Vysoké,1,
ACC-00800,Gold,CZ,Medium,8823.504,0.0064083347,Nízké,0,🟢 Udržet
ACC-00801,Silver,CZ,Low,311.57785,0.13759324,Nízké,0,
ACC-00802,Bronze,CZ,Low,0.0,0.5917693,Střední,1,
ACC-00803,Silver,CZ,Medium,19193.918,0.03670879,Nízké,0,🟢 Udržet
ACC-00804,Bronze,CZ,Low,759.2686,0.12262867,Nízké,0,
ACC-00806,Bronze,CZ,Low,62.823845,0.049106658,Nízké,0,
ACC-00807,Silver,CZ,Medium,10515.507,0.06371187,Nízké,0,🟢 Udržet
ACC-00808,Bronze,CZ,Low,0.0,0.64059305,Střední,1,
ACC-00810,Gold,CZ,Low,89.07669,0.18374422,Nízké,1,
ACC-00812,Silver,CZ,Low,0.0,0.28311476,Nízké,0,
ACC-00813,Bronze,CZ,Low,0.0,0.96111566,Vysoké,1,
ACC-00814,Silver,CZ,Low,0.0,0.32303798,Nízké,1,
ACC-00815,Bronze,CZ,Low,374.43573,0.2762901,Nízké,0,
ACC-00816,Silver,SK,Medium,7342.6587,0.4968097,Střední,1,
ACC-00817,Silver,CZ,Low,139.49954,0.9343625,Vysoké,1,
ACC-00818,Silver,CZ,Low,627.5265,0.96622133,Vysoké,1,
ACC-00819,Bronze,CZ,Low,2529.2537,0.41741228,Střední,0,
ACC-00820,Bronze,CZ,Low,220.14249,0.98844624,Vysoké,1,
ACC-00821,Silver,CZ,Low,239.79402,0.6309198,Střední,1,
ACC-00822,Bronze,CZ,Low,274.5573,0.20427367,Nízké,1,
ACC-00824,Silver,CZ,Low,0.0,0.052511305,Nízké,0,
ACC-00825,Silver,CZ,Low,1.2911265,0.5481344,Střední,1,
ACC-00826,Silver,CZ,Low,3339.761,0.019033259,Nízké,0,
ACC-00827,Silver,SK,Low,780.3324,0.93986434,Vysoké,1,
ACC-00828,Bronze,CZ,Low,0.0,0.959663,Vysoké,1,
ACC-00829,Bronze,SK,Low,0.0,0.92266506,Vysoké,1,
ACC-00831,Silver,CZ,Low,0.0,0.9795828,Vysoké,1,
ACC-00833,Silver,CZ,Low,201.40816,0.741873,Vysoké,1,
ACC-00834,Silver,SK,Low,0.0,0.8852849,Vysoké,1,
ACC-00835,Gold,CZ,Low,595.3973,0.17265409,Nízké,0,
ACC-00837,Silver,CZ,Low,183.2781,0.030599834,Nízké,0,
ACC-00839,Silver,CZ,Medium,6367.29,0.02730359,Nízké,0,🟢 Udržet
ACC-00840,Gold,CZ,Low,603.5059,0.010776807,Nízké,0,
ACC-00841,Bronze,CZ,High,89318.61,0.00420682,Nízké,0,🟢 Udržet
ACC-00842,Bronze,CZ,Low,95.48781,0.31647676,Nízké,1,
ACC-00843,Bronze,CZ,Low,31.448107,0.6483426,Střední,1,
ACC-00845,Bronze,CZ,Low,674.317,0.10050159,Nízké,0,
ACC-00850,Silver,SK,Low,174.28717,0.47756457,Střední,0,
ACC-00851,Silver,CZ,Low,1731.3895,0.8673568,Vysoké,1,
ACC-00852,Bronze,CZ,Low,0.0,0.48442683,Střední,0,
ACC-00853,Gold,CZ,Medium,19136.23,0.08325069,Nízké,0,🟢 Udržet
ACC-00854,Gold,SK,Low,1569.2273,0.028159434,Nízké,0,
ACC-00858,Bronze,CZ,Low,0.0,0.94798464,Vysoké,1,
ACC-00859,Bronze,CZ,Low,0.0,0.2095956,Nízké,0,
ACC-00860,Bronze,CZ,Low,0.0,0.9653954,Vysoké,1,
ACC-00861,Silver,CZ,Low,276.36166,0.77994597,Vysoké,1,
ACC-00862,Silver,CZ,Low,96.088,0.7164456,Vysoké,1,
ACC-00864,Bronze,CZ,Low,432.5923,0.38906568,Střední,0,
ACC-00865,Bronze,CZ,Low,0.0,0.97322154,Vysoké,1,
ACC-00866,Bronze,CZ,Low,3135.2573,0.075067274,Nízké,0,
ACC-00868,Gold,SK,Medium,9639.042,0.8046443,Vysoké,0,🟡 Cílená kampaň
ACC-00869,Bronze,SK,Low,0.0,0.7342764,Vysoké,1,
ACC-00870,Silver,CZ,Low,627.0482,0.40379348,Střední,0,
ACC-00872,Bronze,CZ,Medium,5258.497,0.009840922,Nízké,0,🟢 Udržet
ACC-00873,Bronze,CZ,Low,2723.5562,0.17792155,Nízké,0,
ACC-00874,Silver,CZ,Low,474.71344,0.4632912,Střední,0,
ACC-00875,Bronze,CZ,Low,4061.2617,0.9118921,Vysoké,1,
ACC-00876,Bronze,CZ,Low,0.0,0.90656275,Vysoké,1,
ACC-00877,Bronze,SK,Medium,14683.595,0.20335865,Nízké,0,🟢 Udržet
ACC-00880,Silver,SK,Low,197.59673,0.7151871,Vysoké,1,
ACC-00881,Bronze,CZ,Low,19.622877,0.588797,Střední,0,
ACC-00883,Bronze,CZ,Low,0.0,0.95868295,Vysoké,1,
ACC-00884,Bronze,CZ,Low,0.0,0.77683145,Vysoké,1,
ACC-00885,Silver,CZ,Medium,6157.1685,0.0042112623,Nízké,0,🟢 Udržet
ACC-00888,Silver,SK,Low,3910.5198,0.80344194,Vysoké,1,
ACC-00891,Bronze,SK,Medium,9761.329,0.085465625,Nízké,0,🟢 Udržet
ACC-00892,Silver,CZ,Medium,15792.789,0.005792297,Nízké,0,🟢 Udržet
ACC-00893,Silver,CZ,Low,0.0,0.2871744,Nízké,1,
ACC-00894,Bronze,CZ,Low,727.6904,0.6508697,Vysoké,1,
ACC-00895,Silver,CZ,Low,3373.7363,0.19970153,Nízké,0,
ACC-00899,Bronze,SK,Low,220.09863,0.63433653,Střední,1,
ACC-00900,Silver,SK,Medium,18949.48,0.014014092,Nízké,0,🟢 Udržet
ACC-00902,Bronze,CZ,Low,250.52814,0.03430066,Nízké,0,
ACC-00903,Bronze,SK,High,34161.383,0.038302444,Nízké,0,🟢 Udržet
ACC-00904,Silver,SK,Low,3873.236,0.3479343,Nízké,0,
ACC-00905,Silver,SK,Medium,22324.225,0.0074483166,Nízké,0,🟢 Udržet
ACC-00906,Bronze,SK,Low,0.0,0.9754861,Vysoké,1,
ACC-00907,Silver,CZ,Low,610.1575,0.61669123,Střední,1,
ACC-00908,Silver,CZ,Low,696.4003,0.3838517,Střední,0,
ACC-00910,Silver,CZ,Low,1446.2473,0.9672928,Vysoké,1,
ACC-00913,Bronze,SK,Low,0.0,0.8559992,Vysoké,1,
ACC-00917,Bronze,SK,Low,22.975775,0.9810681,Vysoké,1,
ACC-00918,Silver,CZ,Low,0.0,0.06561497,Nízké,0,
ACC-00919,Silver,CZ,Low,86.7377,0.29654497,Nízké,1,
ACC-00920,Bronze,CZ,Low,583.8507,0.87567997,Vysoké,1,
ACC-00925,Silver,CZ,Medium,5159.3984,0.12837344,Nízké,0,🟢 Udržet
ACC-00928,Bronze,CZ,Low,0.0,0.9723798,Vysoké,1,
ACC-00929,Silver,CZ,Medium,6594.437,0.055286966,Nízké,0,🟢 Udržet
ACC-00930,Silver,CZ,Low,0.0,0.11738027,Nízké,1,
ACC-00931,Gold,SK,Medium,14456.217,0.07338552,Nízké,0,🟢 Udržet
ACC-00932,Gold,SK,Low,4181.1167,0.08082786,Nízké,0,
ACC-00934,Bronze,CZ,Low,1468.1643,0.23452331,Nízké,0,
ACC-00935,Silver,SK,Low,0.0,0.22282997,Nízké,0,
ACC-00938,Silver,SK,Medium,23001.328,0.077189535,Nízké,0,🟢 Udržet
ACC-00939,Gold,CZ,Low,222.629,0.94529444,Vysoké,1,
ACC-00940,Gold,CZ,Low,778.053,0.83715844,Vysoké,1,
ACC-00941,Bronze,CZ,Low,0.0,0.76065826,Vysoké,1,
ACC-00942,Silver,SK,Medium,20694.145,0.0021825149,Nízké,0,🟢 Udržet
ACC-00944,Bronze,CZ,Low,426.65424,0.040993027,Nízké,0,
ACC-00945,Bronze,CZ,Low,421.7102,0.8104276,Vysoké,1,
ACC-00946,Gold,CZ,Low,217.37646,0.26428384,Nízké,0,
ACC-00950,Silver,CZ,Low,429.9467,0.0050630597,Nízké,0,
ACC-00951,Silver,CZ,Low,2053.864,0.22043176,Nízké,0,
ACC-00952,Silver,CZ,Low,682.2122,0.23537992,Nízké,1,
ACC-00956,Gold,SK,Low,321.10153,0.7893458,Vysoké,1,
ACC-00959,Silver,CZ,Medium,8213.803,0.007749892,Nízké,0,🟢 Udržet
ACC-00960,Bronze,SK,Low,146.35094,0.9189316,Vysoké,1,
ACC-00962,Silver,CZ,Low,0.0,0.20434973,Nízké,0,
ACC-00963,Bronze,CZ,Low,0.0,0.18589939,Nízké,0,
ACC-00964,Bronze,CZ,Low,266.23868,0.98563254,Vysoké,1,
ACC-00966,Bronze,CZ,Medium,6148.2217,0.014075163,Nízké,0,🟢 Udržet
ACC-00967,Bronze,CZ,Medium,9726.833,0.007692647,Nízké,0,🟢 Udržet
ACC-00968,Bronze,CZ,Low,63.843456,0.0579982,Nízké,0,
ACC-00971,Bronze,CZ,Low,0.0,0.42317584,Střední,0,
ACC-00972,Silver,CZ,Medium,11753.341,0.05010478,Nízké,0,🟢 Udržet
ACC-00973,Gold,CZ,Low,638.7769,0.036091805,Nízké,0,
ACC-00975,Gold,CZ,Low,3885.687,0.30162975,Nízké,0,
ACC-00976,Bronze,CZ,Low,2977.6592,0.052283004,Nízké,0,
ACC-00977,Bronze,CZ,Low,62.964592,0.8550373,Vysoké,1,
ACC-00978,Bronze,CZ,Medium,22250.34,0.02154065,Nízké,0,🟢 Udržet
ACC-00979,Silver,SK,Low,0.0,0.9748035,Vysoké,1,
ACC-00980,Bronze,CZ,Low,30.40639,0.40536636,Střední,1,
ACC-00981,Silver,CZ,High,92743.4,0.0026945674,Nízké,0,🟢 Udržet
ACC-00982,Bronze,CZ,Low,125.48992,0.96494186,Vysoké,1,
ACC-00986,Bronze,CZ,Low,0.0,0.9415964,Vysoké,1,
ACC-00987,Gold,CZ,Low,160.85005,0.015351121,Nízké,0,
ACC-00988,Bronze,CZ,Low,387.19586,0.7303318,Vysoké,1,
ACC-00989,Silver,SK,Medium,5380.25,0.32979152,Nízké,0,🟢 Udržet
ACC-00990,Silver,SK,Medium,9719.205,0.0040871887,Nízké,0,🟢 Udržet
ACC-00991,Bronze,CZ,Low,554.63824,0.047400914,Nízké,0,
ACC-00992,Silver,CZ,Low,132.1043,0.81058234,Vysoké,1,
ACC-00993,Bronze,SK,Low,95.96433,0.96308863,Vysoké,1,
ACC-00994,Bronze,CZ,Low,2747.4958,0.52866006,Střední,0,
ACC-00995,Bronze,CZ,Low,1575.1018,0.87973756,Vysoké,1,
ACC-00996,Silver,SK,Low,0.0,0.94914424,Vysoké,1,
ACC-00997,Bronze,SK,Low,3643.6453,0.4398739,Střední,1,
ACC-00998,Silver,CZ,Low,0.0,0.6767925,Vysoké,1,
ACC-00999,Bronze,CZ,Low,1160.7424,0.034607098,Nízké,0,
ACC-01000,Bronze,CZ,Low,0.0,0.9335175,Vysoké,1,
ACC-01001,Silver,CZ,Low,1088.8075,0.07798804,Nízké,0,
ACC-01002,Silver,CZ,Low,0.0,0.05977818,Nízké,0,
ACC-01003,Bronze,CZ,Low,256.9282,0.9466814,Vysoké,1,
ACC-01004,Bronze,CZ,Medium,5890.4375,0.025663992,Nízké,0,🟢 Udržet
ACC-01005,Gold,CZ,Low,1080.9956,0.095987886,Nízké,0,
ACC-01006,Silver,CZ,Medium,10055.532,0.010449188,Nízké,0,🟢 Udržet
ACC-01007,Silver,CZ,Low,3228.5693,0.043307718,Nízké,0,
ACC-01009,Silver,CZ,Low,153.74617,0.9430624,Vysoké,1,
ACC-01012,Bronze,SK,Medium,6329.889,0.03942305,Nízké,0,🟢 Udržet
ACC-01013,Gold,CZ,Low,27.891,0.05697514,Nízké,0,
ACC-01014,Silver,SK,Low,82.08699,0.9825753,Vysoké,1,
ACC-01015,Silver,CZ,Low,839.48224,0.0862491,Nízké,0,
ACC-01016,Bronze,CZ,Low,3226.8933,0.6264428,Střední,0,
ACC-01017,Silver,CZ,Low,588.44586,0.13792253,Nízké,0,
ACC-01018,Silver,CZ,Low,1236.1998,0.27002522,Nízké,0,
ACC-01020,Silver,CZ,Low,964.66815,0.0287632,Nízké,0,
ACC-01022,Bronze,CZ,Low,2260.8662,0.5315269,Střední,0,
ACC-01023,Silver,CZ,Medium,6413.277,0.01548971,Nízké,0,🟢 Udržet
ACC-01026,Gold,CZ,Low,246.11592,0.021405019,Nízké,0,
ACC-01027,Bronze,SK,Low,0.0,0.38744703,Střední,0,
ACC-01030,Bronze,CZ,Low,109.60387,0.9874752,Vysoké,1,
ACC-01031,Bronze,CZ,Medium,6891.343,0.1470642,Nízké,0,🟢 Udržet
ACC-01033,Gold,SK,Low,0.0,0.11712168,Nízké,0,
ACC-01034,Silver,CZ,Low,0.0,0.8299092,Vysoké,1,
ACC-01037,Gold,SK,Low,740.6085,0.17437893,Nízké,0,
ACC-01038,Bronze,SK,Low,2140.6863,0.7638584,Vysoké,1,
ACC-01041,Silver,CZ,Low,0.0,0.95223075,Vysoké,1,
ACC-01042,Bronze,CZ,Medium,5525.127,0.06768523,Nízké,0,🟢 Udržet
ACC-01044,Silver,CZ,High,25505.691,0.009279684,Nízké,0,🟢 Udržet
ACC-01045,Bronze,CZ,Low,115.49635,0.8719221,Vysoké,1,
ACC-01046,Bronze,CZ,Low,8.26434,0.8247386,Vysoké,1,
ACC-01047,Silver,CZ,Low,330.4259,0.69849235,Vysoké,1,
ACC-01048,Silver,SK,Medium,13323.217,0.0100228395,Nízké,0,🟢 Udržet
ACC-01049,Silver,CZ,Low,0.0,0.12107625,Nízké,0,
ACC-01051,Bronze,CZ,Low,606.27014,0.15276194,Nízké,0,
ACC-01052,Bronze,CZ,Low,79.70849,0.87574977,Vysoké,1,
ACC-01054,Silver,CZ,Low,0.0,0.8768254,Vysoké,1,
ACC-01055,Silver,SK,Low,116.933495,0.9380024,Vysoké,1,
ACC-01056,Silver,CZ,Low,3408.3284,0.0296332,Nízké,0,
ACC-01059,Bronze,SK,Low,0.0,0.98703986,Vysoké,1,
ACC-01060,Silver,CZ,Medium,9658.819,0.017952746,Nízké,0,🟢 Udržet
ACC-01061,Bronze,CZ,Low,501.58774,0.3336175,Nízké,0,
ACC-01062,Gold,CZ,Low,396.4199,0.02528018,Nízké,0,
ACC-01063,Silver,CZ,Medium,6012.2803,0.062476,Nízké,0,🟢 Udržet
ACC-01064,Bronze,CZ,Low,728.149,0.72670126,Vysoké,1,
ACC-01065,Gold,SK,Medium,22136.203,0.07922533,Nízké,0,🟢 Udržet
ACC-01066,Bronze,SK,Low,0.0,0.74066573,Vysoké,1,
ACC-01067,Bronze,CZ,Low,744.24786,0.29665473,Nízké,0,
ACC-01069,Silver,CZ,Medium,5075.988,0.03637153,Nízké,0,🟢 Udržet
ACC-01070,Bronze,CZ,Low,281.5814,0.96451116,Vysoké,1,
ACC-01071,Gold,CZ,Low,0.0,0.90230733,Vysoké,1,
ACC-01073,Gold,SK,Low,348.72458,0.95811486,Vysoké,1,
ACC-01075,Bronze,SK,Low,381.23886,0.53908336,Střední,1,
ACC-01078,Gold,CZ,Low,0.0,0.30641204,Nízké,0,
ACC-01079,Gold,CZ,Medium,9838.945,0.2596145,Nízké,0,🟢 Udržet
ACC-01080,Bronze,CZ,Low,0.0,0.32328933,Nízké,1,
ACC-01083,Silver,SK,Medium,9365.403,0.0067718164,Nízké,0,🟢 Udržet
ACC-01084,Bronze,CZ,Low,2211.734,0.71631664,Vysoké,1,
ACC-01086,Silver,SK,Low,0.0,0.93715066,Vysoké,1,
ACC-01087,Bronze,CZ,Low,146.15936,0.82534444,Vysoké,1,
ACC-01089,Silver,CZ,Low,647.1411,0.06002878,Nízké,0,
ACC-01090,Bronze,CZ,Low,355.42102,0.9372301,Vysoké,1,
ACC-01092,Silver,CZ,Low,1298.28,0.13426465,Nízké,0,
ACC-01095,Silver,CZ,Low,0.0,0.88350797,Vysoké,1,
ACC-01096,Silver,SK,Low,145.47179,0.53148454,Střední,0,
ACC-01097,Bronze,SK,Low,118.04425,0.9373312,Vysoké,1,
ACC-01098,Silver,CZ,High,29488.271,0.040971298,Nízké,0,🟢 Udržet
ACC-01101,Bronze,CZ,Medium,5351.6304,0.021596014,Nízké,0,🟢 Udržet
ACC-01102,Bronze,SK,Low,0.0,0.94882345,Vysoké,1,
ACC-01104,Silver,CZ,Low,474.6878,0.67400473,Vysoké,0,
ACC-01105,Gold,SK,Low,1333.9801,0.029045181,Nízké,0,
ACC-01106,Silver,CZ,Low,0.0,0.1916524,Nízké,0,
ACC-01109,Bronze,CZ,Low,0.0,0.9798391,Vysoké,1,
ACC-01110,Bronze,SK,Medium,18162.14,0.033496037,Nízké,0,🟢 Udržet
ACC-01111,Gold,CZ,Low,249.65479,0.09313545,Nízké,0,
ACC-01112,Bronze,CZ,Low,0.0,0.82794654,Vysoké,1,
ACC-01114,Gold,CZ,Medium,17945.54,0.4647788,Střední,0,
ACC-01115,Silver,SK,Low,0.0,0.96882474,Vysoké,1,
ACC-01116,Bronze,SK,Medium,6615.1675,0.2849429,Nízké,0,🟢 Udržet
ACC-01117,Gold,CZ,Low,1914.0059,0.3452599,Nízké,0,
ACC-01118,Silver,SK,Low,223.70135,0.73985285,Vysoké,1,
ACC-01120,Bronze,SK,Low,1245.8751,0.20423639,Nízké,0,
ACC-01121,Bronze,CZ,Low,75.18903,0.51322436,Střední,1,
ACC-01123,Bronze,CZ,Low,1131.5693,0.22963178,Nízké,0,
ACC-01124,Bronze,CZ,Low,206.5881,0.5662478,Střední,1,
ACC-01125,Silver,CZ,Low,11.216251,0.32534075,Nízké,0,
ACC-01129,Silver,CZ,Medium,6728.584,0.042012032,Nízké,0,🟢 Udržet
ACC-01131,Bronze,CZ,Low,0.0,0.8459393,Vysoké,1,
ACC-01132,Silver,SK,Low,805.57465,0.98240846,Vysoké,1,
ACC-01133,Silver,CZ,High,33611.15,0.007174477,Nízké,0,🟢 Udržet
ACC-01134,Bronze,CZ,Low,597.1972,0.895519,Vysoké,1,
ACC-01136,Bronze,CZ,Low,2358.2825,0.3326087,Nízké,0,
ACC-01137,Bronze,CZ,Low,359.78308,0.9141344,Vysoké,1,
ACC-01138,Silver,CZ,Medium,10706.226,0.019513212,Nízké,0,🟢 Udržet
ACC-01139,Bronze,CZ,Medium,15411.593,0.27404913,Nízké,0,🟢 Udržet
ACC-01140,Gold,CZ,Low,884.17596,0.3227997,Nízké,1,
ACC-01142,Gold,CZ,Low,241.95377,0.033616986,Nízké,0,
ACC-01143,Bronze,CZ,Low,428.62485,0.8979824,Vysoké,1,
ACC-01145,Silver,CZ,Low,1140.4084,0.0951732,Nízké,0,
ACC-01147,Bronze,CZ,Medium,12530.02,0.018361479,Nízké,0,🟢 Udržet
ACC-01149,Bronze,CZ,Low,0.0,0.9022402,Vysoké,1,
ACC-01150,Bronze,CZ,Low,790.18896,0.24253482,Nízké,0,
ACC-01151,Bronze,CZ,Low,0.0,0.93179876,Vysoké,1,
ACC-01153,Gold,CZ,Low,221.18813,0.83242565,Vysoké,1,
ACC-01155,Bronze,CZ,Low,0.0,0.9082316,Vysoké,1,
ACC-01156,Silver,SK,Low,0.0,0.63398886,Střední,1,
ACC-01159,Gold,CZ,High,40604.336,0.041301053,Nízké,0,🟢 Udržet
ACC-01160,Silver,SK,Low,353.95654,0.9841606,Vysoké,1,
ACC-01161,Silver,SK,Low,0.0,0.95876336,Vysoké,1,
ACC-01162,Silver,CZ,Low,330.42087,0.77715313,Vysoké,0,
ACC-01166,Silver,SK,Low,296.25928,0.08073007,Nízké,0,
ACC-01167,Bronze,CZ,Low,0.0,0.7327831,Vysoké,1,
ACC-01169,Bronze,CZ,Low,450.71384,0.83139396,Vysoké,1,
ACC-01171,Gold,CZ,Medium,13282.428,0.42201087,Střední,0,
ACC-01172,Silver,CZ,Low,465.96732,0.9116948,Vysoké,1,
ACC-01175,Bronze,SK,Medium,21940.975,0.046488132,Nízké,0,🟢 Udržet
ACC-01176,Bronze,SK,Low,95.585594,0.9022126,Vysoké,1,
ACC-01177,Silver,CZ,Low,0.0,0.40240625,Střední,0,
ACC-01178,Bronze,CZ,Low,0.0,0.94420916,Vysoké,1,
ACC-01179,Gold,CZ,Low,3790.1455,0.024475293,Nízké,0,
ACC-01180,Silver,CZ,Low,0.0,0.7808316,Vysoké,1,
ACC-01181,Silver,SK,Low,464.51486,0.18330649,Nízké,0,
ACC-01182,Gold,SK,Medium,8632.255,0.02398119,Nízké,0,🟢 Udržet
ACC-01183,Bronze,CZ,Low,363.70413,0.09246094,Nízké,0,
ACC-01184,Gold,CZ,Low,167.44179,0.89490837,Vysoké,0,
ACC-01185,Silver,SK,High,36683.383,0.012224233,Nízké,0,🟢 Udržet
ACC-01186,Silver,SK,Low,3299.6309,0.22040918,Nízké,0,
ACC-01187,Gold,CZ,Low,1808.5812,0.9406361,Vysoké,1,
ACC-01188,Bronze,CZ,Low,103.59722,0.9748492,Vysoké,1,
ACC-01189,Silver,CZ,Low,1847.7845,0.271103,Nízké,0,
ACC-01190,Bronze,CZ,Low,164.16129,0.89189494,Vysoké,1,
ACC-01191,Bronze,SK,Medium,7463.7495,0.027349534,Nízké,0,🟢 Udržet
ACC-01192,Bronze,SK,Low,381.30344,0.9647177,Vysoké,1,
ACC-01193,Silver,CZ,Low,61.785625,0.96986526,Vysoké,1,
ACC-01194,Silver,CZ,Medium,5110.3926,0.08431177,Nízké,0,🟢 Udržet
ACC-01195,Bronze,CZ,Low,116.17249,0.98115253,Vysoké,1,
ACC-01197,Silver,CZ,Low,2990.983,0.020152634,Nízké,0,
ACC-01198,Gold,SK,Low,380.21817,0.05790336,Nízké,0,
ACC-01200,Bronze,CZ,Low,148.74713,0.763233,Vysoké,1,
