account_external_id,Name,customer_since,region,age,preferred_channel,campaign_opt_in,loyalty_tier
ACC-00001,Customer 00001,2024-08-15,CZ,39,Store,False,Bronze
ACC-00002,Customer 00002,2023-09-22,CZ,48,Mobile App,True,Silver
ACC-00003,Customer 00003,2023-03-20,CZ,34,Email,False,Silver
ACC-00004,Customer 00004,2022-11-22,CZ,38,Store,True,Bronze
ACC-00005,Customer 00005,2023-12-28,CZ,29,Mobile App,True,Gold
ACC-00006,Customer 00006,2021-03-20,CZ,43,Web,True,Bronze
ACC-00007,Customer 00007,2022-06-05,CZ,32,Store,True,Bronze
ACC-00008,Customer 00008,2021-05-02,CZ,18,Email,True,Silver
ACC-00009,Customer 00009,2024-11-25,CZ,18,Web,False,Bronze
ACC-00010,Customer 00010,2022-10-08,CZ,43,Email,True,Bronze
ACC-00011,Customer 00011,2022-07-04,CZ,50,Email,True,Silver
ACC-00012,Customer 00012,2022-06-30,CZ,45,Mobile App,True,Gold
ACC-00013,Customer 00013,2022-12-13,CZ,18,Store,True,Bronze
ACC-00014,Customer 00014,2023-06-04,CZ,43,Email,True,Bronze
ACC-00015,Customer 00015,2023-06-29,SK,21,Web,True,Silver
ACC-00016,Customer 00016,2024-04-17,CZ,48,Mobile App,True,Silver
ACC-00017,Customer 00017,2024-03-30,SK,24,Mobile App,False,Bronze
ACC-00018,Customer 00018,2022-12-11,CZ,51,Email,True,Bronze
ACC-00019,Customer 00019,2021-06-28,SK,33,Store,False,Gold
ACC-00020,Customer 00020,2023-08-18,SK,29,Web,False,Silver
ACC-00021,Customer 00021,2021-09-16,CZ,33,Email,True,Bronze
ACC-00022,Customer 00022,2024-10-24,CZ,33,Email,False,Bronze
ACC-00023,Customer 00023,2024-11-29,SK,42,Store,True,Gold
ACC-00024,Customer 00024,2021-09-01,CZ,46,Web,False,Silver
ACC-00025,Customer 00025,2021-11-07,CZ,32,Email,True,Silver
ACC-00026,Customer 00026,2023-12-28,SK,23,Email,False,Silver
ACC-00027,Customer 00027,2023-07-07,SK,38,Mobile App,True,Bronze
ACC-00028,Customer 00028,2021-03-31,SK,40,Store,True,Bronze
ACC-00029,Customer 00029,2022-02-18,CZ,40,Store,False,Silver
ACC-00030,Customer 00030,2022-05-28,SK,38,Web,False,Silver
ACC-00031,Customer 00031,2024-01-07,SK,22,Web,False,Bronze
ACC-00032,Customer 00032,2023-05-16,CZ,35,Store,True,Bronze
ACC-00033,Customer 00033,2023-06-17,CZ,18,Mobile App,False,Silver
ACC-00034,Customer 00034,2024-02-05,SK,33,Store,True,Silver
ACC-00035,Customer 00035,2024-09-28,CZ,34,Web,False,Bronze
ACC-00036,Customer 00036,2023-07-16,CZ,62,Store,True,Bronze
ACC-00037,Customer 00037,2021-04-11,CZ,37,Email,False,Bronze
ACC-00038,Customer 00038,2024-08-21,SK,35,Store,False,Bronze
ACC-00039,Customer 00039,2023-12-16,SK,68,Web,True,Bronze
ACC-00040,Customer 00040,2023-11-28,CZ,26,Store,True,Silver
ACC-00041,Customer 00041,2023-06-06,CZ,31,Store,False,Silver
ACC-00042,Customer 00042,2023-06-20,CZ,18,Email,True,Bronze
ACC-00043,Customer 00043,2023-09-18,SK,45,Email,True,Silver
ACC-00044,Customer 00044,2022-09-20,CZ,23,Mobile App,True,Silver
ACC-00045,Customer 00045,2023-08-21,CZ,53,Web,False,Bronze
ACC-00046,Customer 00046,2021-05-30,CZ,25,Email,False,Bronze
ACC-00047,Customer 00047,2023-08-22,CZ,28,Email,False,Bronze
ACC-00048,Customer 00048,2022-04-22,CZ,37,Web,True,Silver
ACC-00049,Customer 00049,2024-04-08,SK,18,Mobile App,True,Silver
ACC-00050,Customer 00050,2021-03-19,SK,47,Store,False,Bronze
ACC-00051,Customer 00051,2021-02-01,SK,19,Store,True,Silver
ACC-00052,Customer 00052,2022-04-28,CZ,49,Store,True,Silver
ACC-00053,Customer 00053,2024-02-19,SK,24,Store,False,Silver
ACC-00054,Customer 00054,2024-06-03,CZ,18,Email,True,Silver
ACC-00055,Customer 00055,2024-10-31,CZ,36,Web,False,Bronze
ACC-00056,Customer 00056,2021-06-24,SK,41,Store,True,Silver
ACC-00057,Customer 00057,2023-10-11,SK,31,Store,True,Silver
ACC-00058,Customer 00058,2022-03-12,CZ,47,Web,True,Bronze
ACC-00059,Customer 00059,2023-11-21,SK,43,Web,True,Bronze
ACC-00060,Customer 00060,2021-08-07,CZ,40,Email,True,Bronze
ACC-00061,Customer 00061,2021-11-07,CZ,37,Email,False,Bronze
ACC-00062,Customer 00062,2021-07-22,SK,31,Email,False,Silver
ACC-00063,Customer 00063,2023-06-22,SK,35,Email,True,Bronze
ACC-00064,Customer 00064,2022-02-27,SK,27,Store,False,Silver
ACC-00065,Customer 00065,2022-04-29,CZ,33,Email,True,Silver
ACC-00066,Customer 00066,2024-06-24,CZ,37,Email,True,Bronze
ACC-00067,Customer 00067,2021-03-29,CZ,32,Email,True,Silver
ACC-00068,Customer 00068,2022-11-29,CZ,37,Web,True,Silver
ACC-00069,Customer 00069,2024-05-27,CZ,44,Store,False,Silver
ACC-00070,Customer 00070,2021-01-02,SK,54,Web,True,Bronze
ACC-00071,Customer 00071,2024-04-13,CZ,47,Store,True,Gold
ACC-00072,Customer 00072,2023-08-11,CZ,45,Mobile App,True,Bronze
ACC-00073,Customer 00073,2024-12-12,CZ,45,Web,True,Silver
ACC-00074,Customer 00074,2024-07-03,CZ,45,Web,True,Bronze
ACC-00075,Customer 00075,2023-08-22,CZ,43,Mobile App,True,Gold
ACC-00076,Customer 00076,2022-03-06,SK,33,Email,True,Silver
ACC-00077,Customer 00077,2023-02-11,SK,63,Web,True,Silver
ACC-00078,Customer 00078,2021-07-28,CZ,60,Mobile App,True,Silver
ACC-00079,Customer 00079,2021-05-12,CZ,25,Store,False,Gold
ACC-00080,Customer 00080,2024-06-13,CZ,27,Web,True,Bronze
ACC-00081,Customer 00081,2022-08-22,CZ,40,Store,True,Silver
ACC-00082,Customer 00082,2022-10-24,CZ,37,Email,True,Gold
ACC-00083,Customer 00083,2023-04-27,SK,33,Mobile App,True,Silver
ACC-00084,Customer 00084,2021-02-08,CZ,39,Web,True,Bronze
ACC-00085,Customer 00085,2021-11-28,SK,53,Web,True,Silver
ACC-00086,Customer 00086,2023-12-31,CZ,65,Email,True,Silver
ACC-00087,Customer 00087,2021-03-27,CZ,66,Store,False,Bronze
ACC-00088,Customer 00088,2021-08-01,CZ,53,Email,False,Bronze
ACC-00089,Customer 00089,2021-03-27,CZ,23,Email,False,Bronze
ACC-00090,Customer 00090,2023-03-10,CZ,47,Web,False,Bronze
ACC-00091,Customer 00091,2022-12-05,CZ,25,Web,False,Bronze
ACC-00092,Customer 00092,2022-11-25,CZ,30,Web,True,Gold
ACC-00093,Customer 00093,2024-03-28,CZ,45,Mobile App,False,Silver
ACC-00094,Customer 00094,2021-08-28,CZ,36,Web,True,Bronze
ACC-00095,Customer 00095,2022-07-24,CZ,35,Email,True,Silver
ACC-00096,Customer 00096,2024-10-11,CZ,42,Web,True,Bronze
ACC-00097,Customer 00097,2022-11-10,SK,44,Mobile App,True,Gold
ACC-00098,Customer 00098,2021-07-29,SK,49,Store,True,Bronze
ACC-00099,Customer 00099,2023-05-02,CZ,29,Store,True,Bronze
ACC-00100,Customer 00100,2021-09-14,CZ,20,Mobile App,True,Silver
ACC-00101,Customer 00101,2023-09-09,CZ,33,Store,False,Bronze
ACC-00102,Customer 00102,2024-11-07,CZ,40,Email,True,Silver
ACC-00103,Customer 00103,2021-03-09,CZ,45,Mobile App,True,Gold
ACC-00104,Customer 00104,2024-07-28,SK,29,Email,True,Bronze
ACC-00105,Customer 00105,2024-06-23,SK,43,Mobile App,False,Bronze
ACC-00106,Customer 00106,2021-09-04,CZ,22,Web,False,Bronze
ACC-00107,Customer 00107,2024-06-18,CZ,50,Web,True,Silver
ACC-00108,Customer 00108,2023-08-24,CZ,22,Mobile App,False,Silver
ACC-00109,Customer 00109,2023-07-24,SK,47,Mobile App,False,Bronze
ACC-00110,Customer 00110,2024-04-14,SK,18,Mobile App,False,Bronze
ACC-00111,Customer 00111,2023-07-15,CZ,33,Email,False,Silver
ACC-00112,Customer 00112,2023-09-19,CZ,24,Web,True,Silver
ACC-00113,Customer 00113,2024-01-23,SK,52,Email,True,Silver
ACC-00114,Customer 00114,2023-03-12,SK,30,Email,True,Bronze
ACC-00115,Customer 00115,2022-05-14,SK,23,Mobile App,True,Bronze
ACC-00116,Customer 00116,2024-02-27,CZ,43,Web,True,Silver
ACC-00117,Customer 00117,2021-09-16,CZ,33,Mobile App,False,Silver
ACC-00118,Customer 00118,2022-07-28,CZ,54,Mobile App,True,Silver
ACC-00119,Customer 00119,2022-05-07,CZ,29,Email,True,Silver
ACC-00120,Customer 00120,2021-01-23,CZ,51,Store,True,Bronze
ACC-00121,Customer 00121,2022-03-22,SK,33,Store,True,Bronze
ACC-00122,Customer 00122,2024-10-12,CZ,54,Mobile App,True,Bronze
ACC-00123,Customer 00123,2022-02-08,CZ,36,Web,True,Bronze
ACC-00124,Customer 00124,2021-12-19,SK,33,Email,True,Silver
ACC-00125,Customer 00125,2022-11-28,CZ,25,Email,False,Bronze
ACC-00126,Customer 00126,2021-01-16,SK,18,Store,False,Silver
ACC-00127,Customer 00127,2022-10-17,CZ,25,Web,True,Silver
ACC-00128,Customer 00128,2021-08-27,CZ,33,Web,False,Silver
ACC-00129,Customer 00129,2023-02-11,SK,18,Web,False,Silver
ACC-00130,Customer 00130,2023-08-16,SK,46,Email,False,Bronze
ACC-00131,Customer 00131,2021-10-31,CZ,26,Web,False,Silver
ACC-00132,Customer 00132,2023-12-11,CZ,67,Mobile App,True,Bronze
ACC-00133,Customer 00133,2022-06-13,SK,20,Email,True,Bronze
ACC-00134,Customer 00134,2021-10-16,CZ,51,Store,False,Silver
ACC-00135,Customer 00135,2022-04-15,CZ,34,Mobile App,False,Silver
ACC-00136,Customer 00136,2022-10-11,CZ,43,Web,False,Silver
ACC-00137,Customer 00137,2022-04-12,CZ,38,Email,False,Bronze
ACC-00138,Customer 00138,2022-03-05,CZ,48,Web,False,Bronze
ACC-00139,Customer 00139,2024-08-10,SK,23,Store,True,Gold
ACC-00140,Customer 00140,2022-12-02,SK,51,Mobile App,True,Bronze
ACC-00141,Customer 00141,2022-03-11,SK,47,Email,True,Gold
ACC-00142,Customer 00142,2022-11-21,CZ,22,Email,False,Silver
ACC-00143,Customer 00143,2023-10-16,CZ,32,Email,True,Gold
ACC-00144,Customer 00144,2021-03-08,SK,43,Mobile App,False,Bronze
ACC-00145,Customer 00145,2023-05-26,CZ,24,Store,False,Silver
ACC-00146,Customer 00146,2024-06-27,SK,46,Store,True,Silver
ACC-00147,Customer 00147,2024-09-17,CZ,40,Store,False,Silver
ACC-00148,Customer 00148,2023-03-28,CZ,21,Web,True,Gold
ACC-00149,Customer 00149,2022-08-17,CZ,46,Store,True,Silver
ACC-00150,Customer 00150,2023-10-07,CZ,34,Web,False,Silver
ACC-00151,Customer 00151,2021-12-24,CZ,29,Web,False,Bronze
ACC-00152,Customer 00152,2021-02-10,CZ,36,Mobile App,False,Silver
ACC-00153,Customer 00153,2024-12-24,CZ,28,Mobile App,True,Bronze
ACC-00154,Customer 00154,2022-05-21,CZ,30,Web,True,Silver
ACC-00155,Customer 00155,2021-08-16,SK,42,Store,True,Bronze
ACC-00156,Customer 00156,2023-10-26,CZ,57,Email,False,Bronze
ACC-00157,Customer 00157,2023-03-27,CZ,38,Web,True,Silver
ACC-00158,Customer 00158,2021-08-11,SK,41,Mobile App,True,Gold
ACC-00159,Customer 00159,2022-10-11,CZ,40,Web,True,Bronze
ACC-00160,Customer 00160,2023-07-20,SK,22,Email,True,Silver
ACC-00161,Customer 00161,2024-03-04,CZ,34,Store,False,Bronze
ACC-00162,Customer 00162,2024-05-06,CZ,35,Store,True,Gold
ACC-00163,Customer 00163,2023-02-05,SK,37,Web,True,Bronze
ACC-00164,Customer 00164,2022-11-24,CZ,33,Store,False,Silver
ACC-00165,Customer 00165,2021-03-06,CZ,32,Email,True,Bronze
ACC-00166,Customer 00166,2022-04-23,CZ,34,Web,False,Silver
ACC-00167,Customer 00167,2024-05-06,CZ,38,Store,False,Bronze
ACC-00168,Customer 00168,2021-05-04,SK,28,Email,True,Bronze
ACC-00169,Customer 00169,2021-02-26,CZ,20,Web,True,Bronze
ACC-00170,Customer 00170,2021-06-10,SK,42,Email,True,Gold
ACC-00171,Customer 00171,2021-07-25,CZ,19,Email,True,Silver
ACC-00172,Customer 00172,2023-07-09,CZ,26,Web,True,Silver
ACC-00173,Customer 00173,2021-02-17,CZ,39,Email,True,Bronze
ACC-00174,Customer 00174,2024-02-07,CZ,29,Web,True,Bronze
ACC-00175,Customer 00175,2022-04-08,CZ,31,Email,False,Silver
ACC-00176,Customer 00176,2022-11-20,CZ,41,Mobile App,False,Silver
ACC-00177,Customer 00177,2024-08-08,SK,43,Store,False,Bronze
ACC-00178,Customer 00178,2023-07-26,CZ,36,Mobile App,True,Gold
ACC-00179,Customer 00179,2022-12-28,CZ,40,Mobile App,False,Gold
ACC-00180,Customer 00180,2021-02-15,CZ,31,Web,False,Silver
ACC-00181,Customer 00181,2021-12-22,CZ,31,Email,True,Gold
ACC-00182,Customer 00182,2023-12-17,CZ,22,Store,True,Silver
ACC-00183,Customer 00183,2021-03-16,SK,39,Web,False,Silver
ACC-00184,Customer 00184,2024-04-01,SK,28,Email,True,Bronze
ACC-00185,Customer 00185,2023-11-14,SK,31,Store,False,Bronze
ACC-00186,Customer 00186,2022-08-18,CZ,28,Email,True,Bronze
ACC-00187,Customer 00187,2024-01-25,SK,27,Web,True,Gold
ACC-00188,Customer 00188,2023-11-09,CZ,38,Mobile App,False,Silver
ACC-00189,Customer 00189,2023-11-11,CZ,38,Store,True,Silver
ACC-00190,Customer 00190,2023-11-15,SK,25,Email,False,Silver
ACC-00191,Customer 00191,2023-07-24,SK,37,Store,True,Bronze
ACC-00192,Customer 00192,2024-12-19,CZ,32,Email,False,Bronze
ACC-00193,Customer 00193,2022-09-07,SK,55,Store,True,Silver
ACC-00194,Customer 00194,2023-03-23,SK,18,Email,False,Bronze
ACC-00195,Customer 00195,2021-03-24,CZ,51,Web,False,Gold
ACC-00196,Customer 00196,2021-07-17,CZ,35,Store,True,Silver
ACC-00197,Customer 00197,2024-05-17,CZ,26,Web,True,Bronze
ACC-00198,Customer 00198,2021-04-02,CZ,36,Store,False,Silver
ACC-00199,Customer 00199,2024-07-23,CZ,36,Web,True,Gold
ACC-00200,Customer 00200,2021-07-04,CZ,32,Mobile App,False,Silver
ACC-00201,Customer 00201,2022-11-03,SK,29,Web,False,Bronze
ACC-00202,Customer 00202,2023-04-30,SK,39,Web,False,Silver
ACC-00203,Customer 00203,2023-12-26,SK,25,Store,True,Bronze
ACC-00204,Customer 00204,2022-01-03,CZ,35,Store,True,Bronze
ACC-00205,Customer 00205,2023-06-24,CZ,42,Web,False,Bronze
ACC-00206,Customer 00206,2021-06-27,CZ,25,Store,True,Bronze
ACC-00207,Customer 00207,2024-08-20,CZ,31,Mobile App,True,Bronze
ACC-00208,Customer 00208,2023-09-25,CZ,30,Mobile App,False,Bronze
ACC-00209,Customer 00209,2022-06-03,CZ,25,Email,False,Bronze
ACC-00210,Customer 00210,2024-11-19,CZ,31,Web,False,Bronze
ACC-00211,Customer 00211,2023-11-11,CZ,43,Email,True,Silver
ACC-00212,Customer 00212,2024-09-01,CZ,30,Web,True,Silver
ACC-00213,Customer 00213,2022-09-14,SK,42,Web,False,Bronze
ACC-00214,Customer 00214,2024-03-23,CZ,33,Web,False,Bronze
ACC-00215,Customer 00215,2024-06-07,CZ,27,Email,True,Silver
ACC-00216,Customer 00216,2023-05-21,CZ,20,Web,True,Bronze
ACC-00217,Customer 00217,2021-09-30,CZ,44,Store,True,Bronze
ACC-00218,Customer 00218,2023-06-11,SK,40,Mobile App,True,Bronze
ACC-00219,Customer 00219,2022-05-22,CZ,44,Email,False,Bronze
ACC-00220,Customer 00220,2024-02-06,CZ,29,Email,False,Bronze
ACC-00221,Customer 00221,2021-06-14,SK,30,Mobile App,True,Bronze
ACC-00222,Customer 00222,2024-08-25,SK,18,Web,False,Bronze
ACC-00223,Customer 00223,2024-10-26,SK,45,Mobile App,True,Gold
ACC-00224,Customer 00224,2022-02-16,CZ,43,Web,False,Silver
ACC-00225,Customer 00225,2023-08-11,CZ,46,Email,False,Bronze
ACC-00226,Customer 00226,2021-04-05,CZ,52,Mobile App,True,Bronze
ACC-00227,Customer 00227,2023-12-03,SK,28,Mobile App,False,Silver
ACC-00228,Customer 00228,2023-03-28,CZ,30,Store,True,Bronze
ACC-00229,Customer 00229,2021-10-31,SK,42,Mobile App,True,Gold
ACC-00230,Customer 00230,2021-03-31,CZ,18,Web,True,Silver
ACC-00231,Customer 00231,2023-08-04,CZ,27,Email,True,Gold
ACC-00232,Customer 00232,2022-03-18,SK,41,Mobile App,True,Gold
ACC-00233,Customer 00233,2024-11-13,CZ,22,Web,True,Bronze
ACC-00234,Customer 00234,2022-02-11,SK,37,Mobile App,True,Gold
ACC-00235,Customer 00235,2023-11-23,CZ,40,Web,False,Bronze
ACC-00236,Customer 00236,2024-01-04,CZ,39,Store,True,Silver
ACC-00237,Customer 00237,2021-10-20,SK,26,Web,False,Gold
ACC-00238,Customer 00238,2022-04-27,CZ,40,Store,False,Bronze
ACC-00239,Customer 00239,2021-10-14,SK,49,Store,True,Silver
ACC-00240,Customer 00240,2021-12-21,CZ,41,Email,False,Bronze
ACC-00241,Customer 00241,2021-10-21,CZ,38,Mobile App,False,Bronze
ACC-00242,Customer 00242,2021-11-05,SK,29,Web,False,Silver
ACC-00243,Customer 00243,2024-03-02,CZ,26,Store,True,Bronze
ACC-00244,Customer 00244,2023-02-20,CZ,31,Email,False,Bronze
ACC-00245,Customer 00245,2024-12-13,SK,61,Mobile App,True,Bronze
ACC-00246,Customer 00246,2021-06-03,CZ,34,Web,False,Gold
ACC-00247,Customer 00247,2023-11-12,CZ,50,Store,True,Silver
ACC-00248,Customer 00248,2023-05-01,CZ,31,Store,False,Silver
ACC-00249,Customer 00249,2024-04-21,CZ,32,Mobile App,True,Silver
ACC-00250,Customer 00250,2021-10-19,CZ,51,Mobile App,True,Bronze
ACC-00251,Customer 00251,2021-07-11,SK,32,Store,False,Bronze
ACC-00252,Customer 00252,2021-09-27,CZ,18,Store,False,Bronze
ACC-00253,Customer 00253,2022-11-10,CZ,25,Mobile App,True,Gold
ACC-00254,Customer 00254,2023-03-18,CZ,36,Email,True,Silver
ACC-00255,Customer 00255,2021-09-05,CZ,18,Mobile App,True,Gold
ACC-00256,Customer 00256,2024-02-14,CZ,36,Email,False,Silver
ACC-00257,Customer 00257,2022-09-19,SK,47,Mobile App,True,Bronze
ACC-00258,Customer 00258,2022-03-06,CZ,44,Store,False,Silver
ACC-00259,Customer 00259,2024-03-05,CZ,40,Mobile App,True,Silver
ACC-00260,Customer 00260,2022-03-01,SK,34,Email,True,Gold
ACC-00261,Customer 00261,2024-05-06,CZ,27,Store,False,Bronze
ACC-00262,Customer 00262,2022-07-31,CZ,50,Email,True,Gold
ACC-00263,Customer 00263,2021-07-29,SK,38,Mobile App,True,Silver
ACC-00264,Customer 00264,2024-09-08,CZ,26,Web,True,Silver
ACC-00265,Customer 00265,2023-05-06,CZ,26,Email,False,Gold
ACC-00266,Customer 00266,2023-05-17,CZ,59,Email,False,Gold
ACC-00267,Customer 00267,2021-06-25,CZ,29,Store,False,Bronze
ACC-00268,Customer 00268,2022-03-18,CZ,25,Mobile App,False,Bronze
ACC-00269,Customer 00269,2023-10-03,SK,38,Mobile App,True,Silver
ACC-00270,Customer 00270,2021-07-31,CZ,28,Store,False,Silver
ACC-00271,Customer 00271,2023-04-10,CZ,20,Store,False,Bronze
ACC-00272,Customer 00272,2022-07-09,CZ,47,Mobile App,False,Gold
ACC-00273,Customer 00273,2022-07-23,CZ,43,Web,True,Gold
ACC-00274,Customer 00274,2024-07-18,CZ,39,Email,False,Bronze
ACC-00275,Customer 00275,2023-09-20,CZ,37,Email,True,Silver
ACC-00276,Customer 00276,2024-08-17,CZ,33,Web,True,Bronze
ACC-00277,Customer 00277,2022-12-19,CZ,47,Email,True,Gold
ACC-00278,Customer 00278,2024-07-23,CZ,48,Web,False,Silver
ACC-00279,Customer 00279,2023-05-01,CZ,38,Mobile App,True,Bronze
ACC-00280,Customer 00280,2024-06-08,SK,43,Web,False,Gold
ACC-00281,Customer 00281,2021-01-25,CZ,18,Web,True,Bronze
ACC-00282,Customer 00282,2024-04-05,SK,31,Web,True,Gold
ACC-00283,Customer 00283,2023-07-26,CZ,38,Store,True,Bronze
ACC-00284,Customer 00284,2022-12-04,CZ,21,Email,False,Gold
ACC-00285,Customer 00285,2021-02-28,SK,35,Web,False,Gold
ACC-00286,Customer 00286,2021-08-28,SK,40,Web,True,Gold
ACC-00287,Customer 00287,2023-09-20,CZ,48,Email,False,Gold
ACC-00288,Customer 00288,2021-11-23,CZ,29,Email,True,Silver
ACC-00289,Customer 00289,2024-05-13,CZ,40,Mobile App,False,Bronze
ACC-00290,Customer 00290,2021-10-25,CZ,33,Store,True,Bronze
ACC-00291,Customer 00291,2021-03-31,CZ,46,Mobile App,True,Silver
ACC-00292,Customer 00292,2021-07-11,SK,33,Email,True,Silver
ACC-00293,Customer 00293,2022-08-22,CZ,21,Web,False,Bronze
ACC-00294,Customer 00294,2024-06-21,CZ,28,Web,False,Silver
ACC-00295,Customer 00295,2024-02-10,CZ,39,Email,False,Bronze
ACC-00296,Customer 00296,2024-02-03,CZ,26,Web,True,Bronze
ACC-00297,Customer 00297,2021-07-09,CZ,34,Web,True,Silver
ACC-00298,Customer 00298,2022-01-29,CZ,36,Email,True,Silver
ACC-00299,Customer 00299,2023-10-25,SK,38,Email,True,Silver
ACC-00300,Customer 00300,2024-10-10,CZ,39,Email,True,Silver
ACC-00301,Customer 00301,2022-02-08,CZ,33,Web,True,Silver
ACC-00302,Customer 00302,2023-12-17,SK,18,Web,False,Bronze
ACC-00303,Customer 00303,2021-12-13,CZ,40,Email,False,Gold
ACC-00304,Customer 00304,2023-01-09,CZ,39,Email,False,Silver
ACC-00305,Customer 00305,2021-02-27,CZ,44,Email,True,Bronze
ACC-00306,Customer 00306,2022-11-14,CZ,25,Mobile App,True,Silver
ACC-00307,Customer 00307,2021-05-30,CZ,33,Web,True,Bronze
ACC-00308,Customer 00308,2022-03-19,SK,40,Mobile App,False,Gold
ACC-00309,Customer 00309,2024-02-05,CZ,37,Email,True,Silver
ACC-00310,Customer 00310,2021-03-18,SK,65,Store,True,Silver
ACC-00311,Customer 00311,2023-11-15,CZ,35,Web,True,Silver
ACC-00312,Customer 00312,2021-09-26,CZ,36,Email,False,Silver
ACC-00313,Customer 00313,2022-11-17,CZ,48,Web,False,Bronze
ACC-00314,Customer 00314,2021-05-27,CZ,29,Email,False,Silver
ACC-00315,Customer 00315,2021-09-11,CZ,33,Email,True,Silver
ACC-00316,Customer 00316,2021-07-13,SK,34,Mobile App,True,Silver
ACC-00317,Customer 00317,2024-09-20,CZ,43,Email,False,Silver
ACC-00318,Customer 00318,2021-04-29,CZ,32,Store,False,Bronze
ACC-00319,Customer 00319,2021-03-11,CZ,18,Email,False,Silver
ACC-00320,Customer 00320,2023-11-04,CZ,23,Store,False,Bronze
ACC-00321,Customer 00321,2023-01-07,CZ,27,Mobile App,False,Bronze
ACC-00322,Customer 00322,2022-11-29,CZ,43,Web,True,Silver
ACC-00323,Customer 00323,2022-02-16,CZ,41,Web,True,Silver
ACC-00324,Customer 00324,2024-11-16,CZ,18,Email,True,Bronze
ACC-00325,Customer 00325,2022-01-27,CZ,49,Web,True,Gold
ACC-00326,Customer 00326,2021-05-06,CZ,35,Email,True,Gold
ACC-00327,Customer 00327,2024-06-23,CZ,40,Email,False,Silver
ACC-00328,Customer 00328,2024-09-30,CZ,22,Mobile App,True,Silver
ACC-00329,Customer 00329,2021-01-09,CZ,31,Email,True,Silver
ACC-00330,Customer 00330,2022-04-04,CZ,33,Store,False,Bronze
ACC-00331,Customer 00331,2024-03-11,CZ,29,Mobile App,True,Silver
ACC-00332,Customer 00332,2021-10-11,CZ,32,Web,False,Bronze
ACC-00333,Customer 00333,2024-06-21,CZ,19,Store,False,Bronze
ACC-00334,Customer 00334,2023-04-02,CZ,22,Web,False,Bronze
ACC-00335,Customer 00335,2024-02-27,SK,28,Web,False,Gold
ACC-00336,Customer 00336,2023-07-10,CZ,38,Mobile App,True,Gold
ACC-00337,Customer 00337,2024-01-21,CZ,40,Email,True,Bronze
ACC-00338,Customer 00338,2024-05-26,SK,28,Store,False,Bronze
ACC-00339,Customer 00339,2024-04-18,CZ,26,Email,False,Gold
ACC-00340,Customer 00340,2024-11-06,CZ,43,Web,False,Bronze
ACC-00341,Customer 00341,2023-06-30,SK,22,Mobile App,True,Silver
ACC-00342,Customer 00342,2021-01-06,CZ,29,Web,True,Silver
ACC-00343,Customer 00343,2024-09-29,CZ,45,Email,False,Bronze
ACC-00344,Customer 00344,2023-09-26,CZ,18,Store,True,Bronze
ACC-00345,Customer 00345,2021-05-23,CZ,41,Web,True,Bronze
ACC-00346,Customer 00346,2021-12-16,CZ,33,Web,True,Silver
ACC-00347,Customer 00347,2022-09-29,CZ,25,Mobile App,True,Bronze
ACC-00348,Customer 00348,2024-11-11,CZ,19,Web,False,Gold
ACC-00349,Customer 00349,2024-12-03,CZ,34,Web,False,Silver
ACC-00350,Customer 00350,2021-04-16,SK,18,Store,False,Bronze
ACC-00351,Customer 00351,2023-07-20,SK,35,Web,False,Bronze
ACC-00352,Customer 00352,2022-01-15,CZ,37,Web,True,Bronze
ACC-00353,Customer 00353,2022-12-30,CZ,37,Email,False,Silver
ACC-00354,Customer 00354,2023-02-27,SK,18,Email,True,Silver
ACC-00355,Customer 00355,2021-07-18,CZ,37,Email,True,Bronze
ACC-00356,Customer 00356,2022-04-04,CZ,22,Web,False,Bronze
ACC-00357,Customer 00357,2021-07-01,CZ,46,Mobile App,True,Bronze
ACC-00358,Customer 00358,2024-09-09,CZ,18,Email,True,Silver
ACC-00359,Customer 00359,2023-01-14,CZ,32,Store,False,Gold
ACC-00360,Customer 00360,2022-08-27,CZ,30,Mobile App,False,Bronze
ACC-00361,Customer 00361,2021-08-21,CZ,29,Store,False,Silver
ACC-00362,Customer 00362,2023-05-28,CZ,28,Email,False,Bronze
ACC-00363,Customer 00363,2022-02-14,CZ,46,Store,True,Silver
ACC-00364,Customer 00364,2023-07-16,SK,27,Web,True,Silver
ACC-00365,Customer 00365,2022-01-18,CZ,24,Web,False,Bronze
ACC-00366,Customer 00366,2024-03-06,CZ,30,Mobile App,True,Gold
ACC-00367,Customer 00367,2021-11-05,CZ,30,Web,False,Silver
ACC-00368,Customer 00368,2021-04-28,CZ,38,Mobile App,True,Gold
ACC-00369,Customer 00369,2021-12-04,CZ,35,Store,False,Bronze
ACC-00370,Customer 00370,2022-11-21,CZ,23,Web,False,Gold
ACC-00371,Customer 00371,2021-06-27,CZ,46,Store,True,Gold
ACC-00372,Customer 00372,2023-03-25,CZ,46,Mobile App,False,Silver
ACC-00373,Customer 00373,2021-02-13,CZ,39,Web,True,Silver
ACC-00374,Customer 00374,2022-09-05,SK,32,Mobile App,False,Bronze
ACC-00375,Customer 00375,2021-04-27,CZ,45,Email,False,Gold
ACC-00376,Customer 00376,2023-03-27,CZ,34,Mobile App,False,Silver
ACC-00377,Customer 00377,2023-02-08,SK,38,Email,False,Bronze
ACC-00378,Customer 00378,2022-05-28,CZ,43,Store,False,Bronze
ACC-00379,Customer 00379,2021-03-11,CZ,27,Mobile App,True,Silver
ACC-00380,Customer 00380,2024-01-06,CZ,20,Email,True,Bronze
ACC-00381,Customer 00381,2022-04-25,CZ,39,Store,False,Bronze
ACC-00382,Customer 00382,2021-11-19,CZ,38,Web,True,Gold
ACC-00383,Customer 00383,2022-10-19,CZ,38,Store,True,Gold
ACC-00384,Customer 00384,2023-12-19,CZ,42,Email,True,Bronze
ACC-00385,Customer 00385,2021-01-27,CZ,35,Mobile App,True,Silver
ACC-00386,Customer 00386,2023-05-05,CZ,20,Web,False,Gold
ACC-00387,Customer 00387,2023-05-20,SK,53,Email,False,Silver
ACC-00388,Customer 00388,2021-05-15,CZ,36,Store,False,Bronze
ACC-00389,Customer 00389,2023-01-09,CZ,53,Store,False,Bronze
ACC-00390,Customer 00390,2021-08-08,CZ,46,Store,True,Bronze
ACC-00391,Customer 00391,2021-06-08,CZ,44,Store,False,Bronze
ACC-00392,Customer 00392,2022-05-30,CZ,35,Web,False,Bronze
ACC-00393,Customer 00393,2022-08-23,CZ,33,Web,True,Silver
ACC-00394,Customer 00394,2021-07-20,CZ,32,Web,False,Silver
ACC-00395,Customer 00395,2024-05-21,CZ,49,Mobile App,True,Silver
ACC-00396,Customer 00396,2024-12-09,CZ,27,Email,True,Bronze
ACC-00397,Customer 00397,2021-08-21,CZ,33,Email,True,Bronze
ACC-00398,Customer 00398,2024-05-15,CZ,23,Mobile App,False,Silver
ACC-00399,Customer 00399,2022-06-13,CZ,18,Email,False,Gold
ACC-00400,Customer 00400,2024-07-16,CZ,38,Store,False,Silver
ACC-00401,Customer 00401,2023-06-04,CZ,36,Web,True,Silver
ACC-00402,Customer 00402,2023-02-21,SK,32,Mobile App,True,Silver
ACC-00403,Customer 00403,2021-08-30,CZ,36,Web,False,Bronze
ACC-00404,Customer 00404,2021-03-11,CZ,36,Email,False,Silver
ACC-00405,Customer 00405,2021-03-13,SK,31,Web,False,Bronze
ACC-00406,Customer 00406,2021-07-09,CZ,36,Email,True,Bronze
ACC-00407,Customer 00407,2021-08-07,CZ,34,Web,True,Bronze
ACC-00408,Customer 00408,2021-07-10,SK,30,Store,False,Silver
ACC-00409,Customer 00409,2021-05-31,SK,46,Email,True,Silver
ACC-00410,Customer 00410,2021-10-14,SK,38,Web,True,Gold
ACC-00411,Customer 00411,2022-03-02,CZ,45,Email,True,Gold
ACC-00412,Customer 00412,2021-05-29,CZ,36,Store,True,Bronze
ACC-00413,Customer 00413,2023-05-24,CZ,40,Email,True,Bronze
ACC-00414,Customer 00414,2023-10-04,CZ,20,Store,False,Gold
ACC-00415,Customer 00415,2021-06-23,SK,21,Web,True,Silver
ACC-00416,Customer 00416,2021-05-03,CZ,25,Web,True,Bronze
ACC-00417,Customer 00417,2024-06-04,SK,42,Email,True,Bronze
ACC-00418,Customer 00418,2023-06-06,CZ,37,Web,True,Silver
ACC-00419,Customer 00419,2022-07-23,SK,24,Email,True,Silver
ACC-00420,Customer 00420,2023-02-25,SK,44,Email,True,Gold
ACC-00421,Customer 00421,2023-08-23,CZ,32,Email,False,Silver
ACC-00422,Customer 00422,2021-03-14,CZ,51,Web,False,Bronze
ACC-00423,Customer 00423,2023-07-26,CZ,54,Web,False,Silver
ACC-00424,Customer 00424,2023-03-01,CZ,38,Mobile App,False,Bronze
ACC-00425,Customer 00425,2024-06-21,SK,60,Web,False,Gold
ACC-00426,Customer 00426,2023-02-24,CZ,38,Store,False,Silver
ACC-00427,Customer 00427,2024-07-21,CZ,41,Store,True,Bronze
ACC-00428,Customer 00428,2021-01-10,CZ,37,Mobile App,False,Silver
ACC-00429,Customer 00429,2021-06-06,CZ,19,Mobile App,True,Bronze
ACC-00430,Customer 00430,2022-05-03,CZ,38,Email,True,Bronze
ACC-00431,Customer 00431,2024-04-07,CZ,31,Mobile App,True,Bronze
ACC-00432,Customer 00432,2022-01-14,CZ,37,Web,False,Silver
ACC-00433,Customer 00433,2023-08-17,CZ,29,Store,True,Bronze
ACC-00434,Customer 00434,2022-10-05,CZ,33,Store,True,Bronze
ACC-00435,Customer 00435,2023-02-18,CZ,38,Mobile App,False,Silver
ACC-00436,Customer 00436,2022-09-28,CZ,64,Web,False,Bronze
ACC-00437,Customer 00437,2022-11-27,SK,33,Email,True,Bronze
ACC-00438,Customer 00438,2021-09-19,CZ,34,Web,True,Silver
ACC-00439,Customer 00439,2021-02-20,CZ,21,Web,True,Bronze
ACC-00440,Customer 00440,2022-03-11,CZ,39,Mobile App,False,Silver
ACC-00441,Customer 00441,2021-07-28,CZ,23,Mobile App,True,Silver
ACC-00442,Customer 00442,2022-04-10,SK,18,Store,False,Bronze
ACC-00443,Customer 00443,2022-10-15,CZ,36,Email,False,Bronze
ACC-00444,Customer 00444,2021-04-24,CZ,32,Store,False,Bronze
ACC-00445,Customer 00445,2022-08-21,CZ,55,Web,False,Silver
ACC-00446,Customer 00446,2021-04-25,SK,48,Web,False,Bronze
ACC-00447,Customer 00447,2021-10-29,CZ,55,Web,False,Bronze
ACC-00448,Customer 00448,2021-01-28,SK,46,Email,False,Bronze
ACC-00449,Customer 00449,2024-07-13,SK,50,Store,True,Bronze
ACC-00450,Customer 00450,2022-04-28,CZ,45,Mobile App,False,Bronze
ACC-00451,Customer 00451,2021-09-12,CZ,35,Mobile App,True,Silver
ACC-00452,Customer 00452,2022-07-20,CZ,36,Email,True,Silver
ACC-00453,Customer 00453,2023-04-27,CZ,39,Web,True,Bronze
ACC-00454,Customer 00454,2022-08-19,SK,52,Store,True,Gold
ACC-00455,Customer 00455,2023-06-08,CZ,35,Store,True,Bronze
ACC-00456,Customer 00456,2024-10-06,CZ,32,Email,True,Silver
ACC-00457,Customer 00457,2024-01-02,SK,39,Email,True,Gold
ACC-00458,Customer 00458,2023-10-14,SK,46,Mobile App,True,Gold
ACC-00459,Customer 00459,2024-06-21,CZ,30,Email,True,Bronze
ACC-00460,Customer 00460,2021-03-29,CZ,29,Email,True,Silver
ACC-00461,Customer 00461,2024-06-10,SK,47,Email,False,Bronze
ACC-00462,Customer 00462,2023-02-15,SK,37,Mobile App,True,Silver
ACC-00463,Customer 00463,2021-10-08,CZ,33,Web,True,Gold
ACC-00464,Customer 00464,2021-01-07,SK,44,Store,True,Bronze
ACC-00465,Customer 00465,2022-08-18,SK,36,Store,False,Gold
ACC-00466,Customer 00466,2022-06-19,CZ,27,Web,False,Bronze
ACC-00467,Customer 00467,2024-03-30,CZ,31,Web,False,Bronze
ACC-00468,Customer 00468,2023-07-19,CZ,52,Store,False,Silver
ACC-00469,Customer 00469,2023-07-30,SK,26,Store,False,Bronze
ACC-00470,Customer 00470,2021-11-12,CZ,32,Store,False,Silver
ACC-00471,Customer 00471,2024-12-30,SK,27,Web,True,Gold
ACC-00472,Customer 00472,2021-08-29,CZ,31,Email,True,Bronze
ACC-00473,Customer 00473,2024-03-03,CZ,49,Mobile App,True,Silver
ACC-00474,Customer 00474,2022-11-04,CZ,37,Email,True,Silver
ACC-00475,Customer 00475,2021-02-10,CZ,28,Web,True,Silver
ACC-00476,Customer 00476,2021-09-08,CZ,18,Store,True,Bronze
ACC-00477,Customer 00477,2022-07-22,SK,18,Email,True,Silver
ACC-00478,Customer 00478,2024-03-16,CZ,29,Mobile App,True,Gold
ACC-00479,Customer 00479,2024-02-15,CZ,18,Web,True,Silver
ACC-00480,Customer 00480,2022-11-02,CZ,31,Store,False,Bronze
ACC-00481,Customer 00481,2022-08-18,CZ,37,Mobile App,False,Bronze
ACC-00482,Customer 00482,2021-02-19,CZ,22,Store,True,Bronze
ACC-00483,Customer 00483,2024-11-02,CZ,36,Store,True,Gold
ACC-00484,Customer 00484,2024-07-21,CZ,30,Store,False,Silver
ACC-00485,Customer 00485,2024-08-03,CZ,43,Email,False,Gold
ACC-00486,Customer 00486,2022-07-09,CZ,49,Email,True,Gold
ACC-00487,Customer 00487,2023-03-10,CZ,35,Store,True,Bronze
ACC-00488,Customer 00488,2023-07-29,CZ,39,Web,False,Bronze
ACC-00489,Customer 00489,2022-12-28,CZ,66,Store,True,Bronze
ACC-00490,Customer 00490,2021-07-01,CZ,51,Email,True,Gold
ACC-00491,Customer 00491,2022-05-10,CZ,59,Store,False,Silver
ACC-00492,Customer 00492,2023-06-17,CZ,40,Mobile App,True,Bronze
ACC-00493,Customer 00493,2023-10-06,CZ,18,Email,True,Bronze
ACC-00494,Customer 00494,2021-11-11,CZ,23,Mobile App,False,Silver
ACC-00495,Customer 00495,2022-06-01,CZ,18,Email,False,Bronze
ACC-00496,Customer 00496,2024-02-23,CZ,19,Store,False,Bronze
ACC-00497,Customer 00497,2024-02-17,CZ,41,Store,True,Gold
ACC-00498,Customer 00498,2024-12-22,CZ,28,Store,True,Silver
ACC-00499,Customer 00499,2022-10-17,SK,47,Web,True,Silver
ACC-00500,Customer 00500,2024-09-15,CZ,30,Web,False,Silver
ACC-00501,Customer 00501,2022-09-20,CZ,44,Email,False,Silver
ACC-00502,Customer 00502,2022-01-15,CZ,35,Store,False,Gold
ACC-00503,Customer 00503,2022-04-07,CZ,34,Email,True,Silver
ACC-00504,Customer 00504,2024-07-10,CZ,43,Email,True,Gold
ACC-00505,Customer 00505,2024-08-20,CZ,18,Mobile App,False,Silver
ACC-00506,Customer 00506,2023-12-23,SK,29,Mobile App,True,Bronze
ACC-00507,Customer 00507,2021-09-29,CZ,24,Web,False,Bronze
ACC-00508,Customer 00508,2024-06-01,SK,34,Web,True,Gold
ACC-00509,Customer 00509,2024-07-18,SK,18,Web,True,Bronze
ACC-00510,Customer 00510,2024-07-06,SK,35,Email,False,Bronze
ACC-00511,Customer 00511,2024-08-31,CZ,43,Web,False,Silver
ACC-00512,Customer 00512,2024-02-12,SK,44,Web,False,Bronze
ACC-00513,Customer 00513,2024-10-05,CZ,31,Web,False,Silver
ACC-00514,Customer 00514,2024-04-23,SK,18,Store,True,Gold
ACC-00515,Customer 00515,2023-03-26,CZ,30,Mobile App,True,Silver
ACC-00516,Customer 00516,2021-02-09,CZ,25,Store,False,Bronze
ACC-00517,Customer 00517,2023-10-20,CZ,36,Web,True,Bronze
ACC-00518,Customer 00518,2021-10-30,CZ,29,Email,True,Bronze
ACC-00519,Customer 00519,2022-03-06,CZ,34,Email,True,Silver
ACC-00520,Customer 00520,2023-11-10,SK,49,Mobile App,True,Bronze
ACC-00521,Customer 00521,2022-02-02,CZ,33,Email,True,Bronze
ACC-00522,Customer 00522,2023-02-12,CZ,18,Web,False,Silver
ACC-00523,Customer 00523,2023-06-24,CZ,50,Web,False,Silver
ACC-00524,Customer 00524,2023-04-10,CZ,41,Mobile App,True,Gold
ACC-00525,Customer 00525,2021-01-11,SK,31,Web,True,Bronze
ACC-00526,Customer 00526,2021-01-18,CZ,21,Store,False,Silver
ACC-00527,Customer 00527,2021-12-11,CZ,44,Web,False,Silver
ACC-00528,Customer 00528,2024-01-09,CZ,28,Store,False,Bronze
ACC-00529,Customer 00529,2021-08-05,CZ,29,Web,True,Silver
ACC-00530,Customer 00530,2023-07-17,CZ,20,Email,True,Silver
ACC-00531,Customer 00531,2022-04-13,CZ,48,Email,False,Bronze
ACC-00532,Customer 00532,2024-07-01,SK,19,Web,True,Bronze
ACC-00533,Customer 00533,2022-03-01,CZ,36,Web,False,Bronze
ACC-00534,Customer 00534,2023-02-03,CZ,39,Mobile App,False,Silver
ACC-00535,Customer 00535,2023-03-22,SK,28,Mobile App,True,Silver
ACC-00536,Customer 00536,2023-12-14,CZ,32,Mobile App,False,Gold
ACC-00537,Customer 00537,2024-08-15,SK,19,Email,True,Gold
ACC-00538,Customer 00538,2024-04-09,CZ,33,Store,False,Gold
ACC-00539,Customer 00539,2024-08-13,CZ,32,Email,True,Gold
ACC-00540,Customer 00540,2024-11-30,CZ,49,Store,True,Silver
ACC-00541,Customer 00541,2021-07-22,CZ,49,Web,True,Silver
ACC-00542,Customer 00542,2022-03-16,SK,51,Web,False,Bronze
ACC-00543,Customer 00543,2024-06-10,SK,37,Store,False,Bronze
ACC-00544,Customer 00544,2022-05-14,SK,41,Mobile App,False,Silver
ACC-00545,Customer 00545,2024-11-19,CZ,20,Mobile App,False,Bronze
ACC-00546,Customer 00546,2022-09-29,CZ,47,Mobile App,True,Silver
ACC-00547,Customer 00547,2021-05-25,CZ,25,Web,True,Silver
ACC-00548,Customer 00548,2024-01-04,CZ,18,Store,False,Silver
ACC-00549,Customer 00549,2024-10-28,SK,37,Store,True,Gold
ACC-00550,Customer 00550,2024-05-18,CZ,25,Mobile App,True,Bronze
ACC-00551,Customer 00551,2021-05-25,CZ,43,Email,True,Gold
ACC-00552,Customer 00552,2024-09-13,CZ,36,Mobile App,True,Gold
ACC-00553,Customer 00553,2021-01-10,CZ,38,Web,True,Bronze
ACC-00554,Customer 00554,2021-10-22,SK,58,Web,True,Silver
ACC-00555,Customer 00555,2024-03-27,SK,43,Mobile App,False,Bronze
ACC-00556,Customer 00556,2024-07-04,CZ,23,Email,False,Bronze
ACC-00557,Customer 00557,2021-09-18,CZ,35,Web,True,Silver
ACC-00558,Customer 00558,2021-03-15,CZ,34,Store,True,Silver
ACC-00559,Customer 00559,2021-01-26,CZ,36,Store,False,Bronze
ACC-00560,Customer 00560,2024-02-08,CZ,26,Web,True,Bronze
ACC-00561,Customer 00561,2021-11-13,CZ,45,Store,True,Gold
ACC-00562,Customer 00562,2024-10-14,CZ,26,Store,True,Silver
ACC-00563,Customer 00563,2021-12-03,CZ,35,Web,True,Silver
ACC-00564,Customer 00564,2022-06-17,CZ,23,Web,True,Silver
ACC-00565,Customer 00565,2023-01-26,CZ,26,Mobile App,True,Gold
ACC-00566,Customer 00566,2021-07-26,CZ,18,Web,False,Silver
ACC-00567,Customer 00567,2023-07-15,CZ,49,Web,False,Silver
ACC-00568,Customer 00568,2021-12-28,SK,18,Email,False,Bronze
ACC-00569,Customer 00569,2021-10-23,CZ,23,Email,False,Bronze
ACC-00570,Customer 00570,2024-10-12,CZ,28,Web,True,Bronze
ACC-00571,Customer 00571,2021-12-28,CZ,34,Mobile App,False,Bronze
ACC-00572,Customer 00572,2023-03-17,CZ,36,Email,True,Bronze
ACC-00573,Customer 00573,2022-02-09,CZ,30,Store,False,Bronze
ACC-00574,Customer 00574,2023-11-05,SK,47,Mobile App,True,Gold
ACC-00575,Customer 00575,2022-12-05,SK,52,Email,False,Silver
ACC-00576,Customer 00576,2024-03-15,CZ,39,Mobile App,True,Silver
ACC-00577,Customer 00577,2024-10-01,CZ,52,Mobile App,True,Gold
ACC-00578,Customer 00578,2021-01-29,CZ,29,Mobile App,False,Bronze
ACC-00579,Customer 00579,2021-07-24,CZ,27,Store,False,Silver
ACC-00580,Customer 00580,2023-04-07,CZ,30,Web,False,Bronze
ACC-00581,Customer 00581,2021-06-11,CZ,33,Store,False,Bronze
ACC-00582,Customer 00582,2021-12-30,CZ,47,Email,True,Bronze
ACC-00583,Customer 00583,2023-10-01,SK,24,Email,False,Silver
ACC-00584,Customer 00584,2023-03-03,CZ,18,Email,False,Bronze
ACC-00585,Customer 00585,2023-12-19,CZ,32,Web,False,Gold
ACC-00586,Customer 00586,2021-03-10,CZ,36,Email,True,Bronze
ACC-00587,Customer 00587,2024-12-30,CZ,31,Mobile App,False,Gold
ACC-00588,Customer 00588,2023-05-23,CZ,37,Email,True,Gold
ACC-00589,Customer 00589,2022-11-25,CZ,35,Web,True,Bronze
ACC-00590,Customer 00590,2024-07-12,CZ,43,Web,True,Silver
ACC-00591,Customer 00591,2021-12-27,CZ,29,Web,True,Bronze
ACC-00592,Customer 00592,2023-04-03,SK,18,Store,True,Silver
ACC-00593,Customer 00593,2021-11-08,SK,50,Store,True,Silver
ACC-00594,Customer 00594,2023-05-28,CZ,40,Store,True,Silver
ACC-00595,Customer 00595,2021-02-18,CZ,38,Web,True,Gold
ACC-00596,Customer 00596,2024-12-14,CZ,45,Store,False,Bronze
ACC-00597,Customer 00597,2021-12-14,SK,42,Web,False,Gold
ACC-00598,Customer 00598,2024-12-15,CZ,43,Web,True,Silver
ACC-00599,Customer 00599,2023-11-22,CZ,27,Store,True,Bronze
ACC-00600,Customer 00600,2021-08-19,CZ,47,Mobile App,False,Bronze
ACC-00601,Customer 00601,2023-09-23,CZ,31,Email,False,Bronze
ACC-00602,Customer 00602,2021-11-13,CZ,37,Web,True,Bronze
ACC-00603,Customer 00603,2022-10-01,SK,18,Web,False,Bronze
ACC-00604,Customer 00604,2022-01-04,CZ,35,Mobile App,True,Bronze
ACC-00605,Customer 00605,2022-06-09,SK,30,Email,True,Silver
ACC-00606,Customer 00606,2022-06-04,CZ,33,Email,False,Silver
ACC-00607,Customer 00607,2021-03-25,CZ,18,Email,True,Bronze
ACC-00608,Customer 00608,2024-06-24,CZ,38,Mobile App,True,Silver
ACC-00609,Customer 00609,2023-11-03,CZ,19,Email,True,Bronze
ACC-00610,Customer 00610,2022-05-14,CZ,25,Mobile App,True,Bronze
ACC-00611,Customer 00611,2022-06-10,CZ,27,Store,True,Silver
ACC-00612,Customer 00612,2021-02-21,SK,46,Web,True,Silver
ACC-00613,Customer 00613,2022-08-19,SK,29,Mobile App,False,Bronze
ACC-00614,Customer 00614,2022-04-29,CZ,34,Store,False,Bronze
ACC-00615,Customer 00615,2024-10-01,CZ,47,Email,True,Silver
ACC-00616,Customer 00616,2022-07-14,CZ,31,Email,True,Gold
ACC-00617,Customer 00617,2022-08-05,SK,50,Store,False,Bronze
ACC-00618,Customer 00618,2024-03-04,CZ,32,Email,True,Bronze
ACC-00619,Customer 00619,2024-08-21,CZ,41,Web,True,Bronze
ACC-00620,Customer 00620,2024-10-27,CZ,36,Store,True,Bronze
ACC-00621,Customer 00621,2022-09-13,CZ,48,Email,True,Gold
ACC-00622,Customer 00622,2021-05-29,CZ,56,Mobile App,True,Silver
ACC-00623,Customer 00623,2024-01-06,CZ,38,Web,True,Silver
ACC-00624,Customer 00624,2024-01-27,SK,36,Web,False,Bronze
ACC-00625,Customer 00625,2022-01-28,CZ,44,Store,True,Gold
ACC-00626,Customer 00626,2022-10-02,SK,35,Store,True,Silver
ACC-00627,Customer 00627,2024-06-07,CZ,39,Mobile App,False,Bronze
ACC-00628,Customer 00628,2022-05-14,CZ,48,Store,False,Bronze
ACC-00629,Customer 00629,2022-05-24,CZ,37,Web,True,Bronze
ACC-00630,Customer 00630,2024-11-04,SK,40,Store,False,Bronze
ACC-00631,Customer 00631,2021-03-31,SK,46,Mobile App,False,Bronze
ACC-00632,Customer 00632,2023-08-15,SK,18,Mobile App,True,Bronze
ACC-00633,Customer 00633,2024-06-19,CZ,23,Web,True,Silver
ACC-00634,Customer 00634,2023-01-21,CZ,33,Store,False,Bronze
ACC-00635,Customer 00635,2023-01-15,CZ,19,Email,True,Silver
ACC-00636,Customer 00636,2024-11-06,CZ,18,Mobile App,True,Silver
ACC-00637,Customer 00637,2022-01-07,CZ,50,Email,False,Bronze
ACC-00638,Customer 00638,2023-07-04,SK,44,Store,True,Silver
ACC-00639,Customer 00639,2024-09-22,CZ,37,Mobile App,True,Silver
ACC-00640,Customer 00640,2021-10-31,CZ,38,Email,True,Silver
ACC-00641,Customer 00641,2024-01-05,SK,43,Email,False,Bronze
ACC-00642,Customer 00642,2024-12-22,CZ,25,Email,False,Gold
ACC-00643,Customer 00643,2023-08-27,SK,41,Email,False,Bronze
ACC-00644,Customer 00644,2022-12-10,SK,40,Email,True,Gold
ACC-00645,Customer 00645,2022-02-11,CZ,36,Email,True,Silver
ACC-00646,Customer 00646,2022-01-26,CZ,31,Mobile App,True,Silver
ACC-00647,Customer 00647,2021-12-26,CZ,43,Store,True,Silver
ACC-00648,Customer 00648,2022-09-27,CZ,24,Store,False,Bronze
ACC-00649,Customer 00649,2023-08-02,CZ,44,Mobile App,True,Bronze
ACC-00650,Customer 00650,2021-01-29,CZ,35,Web,True,Bronze
ACC-00651,Customer 00651,2024-02-15,SK,37,Email,True,Bronze
ACC-00652,Customer 00652,2022-07-23,SK,33,Email,True,Silver
ACC-00653,Customer 00653,2023-11-17,CZ,47,Web,False,Silver
ACC-00654,Customer 00654,2024-06-25,SK,44,Email,True,Gold
ACC-00655,Customer 00655,2022-02-04,SK,31,Web,False,Silver
ACC-00656,Customer 00656,2023-04-21,CZ,47,Email,True,Silver
ACC-00657,Customer 00657,2024-10-06,CZ,46,Mobile App,True,Bronze
ACC-00658,Customer 00658,2024-11-10,CZ,22,Mobile App,False,Bronze
ACC-00659,Customer 00659,2022-04-18,CZ,25,Web,True,Bronze
ACC-00660,Customer 00660,2023-04-13,CZ,24,Web,True,Silver
ACC-00661,Customer 00661,2021-08-26,SK,29,Email,True,Bronze
ACC-00662,Customer 00662,2024-04-02,CZ,32,Email,True,Silver
ACC-00663,Customer 00663,2022-02-03,SK,20,Store,False,Bronze
ACC-00664,Customer 00664,2021-09-13,CZ,36,Mobile App,False,Bronze
ACC-00665,Customer 00665,2022-06-13,CZ,36,Mobile App,True,Silver
ACC-00666,Customer 00666,2022-03-25,CZ,37,Web,False,Silver
ACC-00667,Customer 00667,2024-01-23,CZ,43,Email,True,Silver
ACC-00668,Customer 00668,2022-03-11,CZ,33,Web,True,Gold
ACC-00669,Customer 00669,2023-11-28,CZ,51,Store,False,Bronze
ACC-00670,Customer 00670,2021-11-14,SK,31,Store,True,Silver
ACC-00671,Customer 00671,2024-05-07,CZ,39,Mobile App,False,Silver
ACC-00672,Customer 00672,2021-05-04,CZ,44,Store,True,Silver
ACC-00673,Customer 00673,2021-12-17,CZ,21,Email,True,Gold
ACC-00674,Customer 00674,2024-09-16,CZ,26,Store,True,Silver
ACC-00675,Customer 00675,2024-07-01,CZ,25,Web,True,Silver
ACC-00676,Customer 00676,2024-09-07,CZ,23,Email,True,Bronze
ACC-00677,Customer 00677,2023-07-06,CZ,40,Email,False,Bronze
ACC-00678,Customer 00678,2024-08-02,SK,41,Web,True,Silver
ACC-00679,Customer 00679,2023-10-03,CZ,45,Web,True,Silver
ACC-00680,Customer 00680,2022-03-16,CZ,35,Mobile App,True,Gold
ACC-00681,Customer 00681,2023-01-31,CZ,36,Email,False,Bronze
ACC-00682,Customer 00682,2022-09-04,CZ,28,Web,True,Silver
ACC-00683,Customer 00683,2022-10-26,CZ,25,Email,True,Silver
ACC-00684,Customer 00684,2023-11-19,SK,37,Email,True,Bronze
ACC-00685,Customer 00685,2023-10-20,SK,33,Store,False,Bronze
ACC-00686,Customer 00686,2023-10-21,CZ,48,Web,True,Silver
ACC-00687,Customer 00687,2021-09-27,CZ,18,Web,True,Bronze
ACC-00688,Customer 00688,2023-05-30,CZ,54,Email,False,Bronze
ACC-00689,Customer 00689,2024-06-28,CZ,26,Email,False,Bronze
ACC-00690,Customer 00690,2024-09-28,CZ,43,Web,True,Gold
ACC-00691,Customer 00691,2024-10-11,CZ,46,Store,True,Bronze
ACC-00692,Customer 00692,2021-04-01,CZ,43,Mobile App,True,Silver
ACC-00693,Customer 00693,2024-03-19,SK,38,Web,True,Bronze
ACC-00694,Customer 00694,2024-04-16,SK,39,Mobile App,True,Bronze
ACC-00695,Customer 00695,2023-07-01,CZ,37,Store,False,Silver
ACC-00696,Customer 00696,2023-04-18,CZ,37,Store,False,Silver
ACC-00697,Customer 00697,2022-08-03,CZ,31,Email,False,Silver
ACC-00698,Customer 00698,2022-04-10,SK,27,Email,True,Bronze
ACC-00699,Customer 00699,2023-03-19,SK,53,Store,False,Bronze
ACC-00700,Customer 00700,2021-07-26,CZ,28,Web,True,Silver
ACC-00701,Customer 00701,2021-12-20,CZ,36,Web,True,Bronze
ACC-00702,Customer 00702,2023-04-22,CZ,35,Email,True,Bronze
ACC-00703,Customer 00703,2024-06-08,CZ,31,Mobile App,True,Bronze
ACC-00704,Customer 00704,2022-03-30,CZ,30,Mobile App,True,Gold
ACC-00705,Customer 00705,2023-12-13,SK,31,Mobile App,True,Bronze
ACC-00706,Customer 00706,2024-04-24,SK,51,Email,False,Bronze
ACC-00707,Customer 00707,2021-10-21,CZ,55,Store,False,Silver
ACC-00708,Customer 00708,2023-10-13,CZ,48,Web,False,Bronze
ACC-00709,Customer 00709,2023-09-16,SK,18,Store,True,Silver
ACC-00710,Customer 00710,2024-09-03,SK,34,Email,False,Bronze
ACC-00711,Customer 00711,2021-07-04,CZ,29,Email,True,Bronze
ACC-00712,Customer 00712,2023-11-19,CZ,34,Web,True,Silver
ACC-00713,Customer 00713,2024-12-27,CZ,41,Email,True,Silver
ACC-00714,Customer 00714,2024-03-31,CZ,18,Store,False,Bronze
ACC-00715,Customer 00715,2024-11-29,CZ,30,Email,True,Silver
ACC-00716,Customer 00716,2022-03-01,CZ,44,Web,True,Bronze
ACC-00717,Customer 00717,2023-10-20,SK,20,Mobile App,True,Bronze
ACC-00718,Customer 00718,2024-08-02,CZ,39,Web,True,Gold
ACC-00719,Customer 00719,2021-07-04,CZ,40,Web,False,Bronze
ACC-00720,Customer 00720,2021-09-17,CZ,30,Email,False,Bronze
ACC-00721,Customer 00721,2023-03-29,CZ,39,Store,True,Silver
ACC-00722,Customer 00722,2023-06-19,CZ,29,Web,True,Bronze
ACC-00723,Customer 00723,2022-06-09,CZ,19,Web,False,Gold
ACC-00724,Customer 00724,2021-09-16,CZ,45,Mobile App,False,Silver
ACC-00725,Customer 00725,2024-03-19,CZ,30,Store,True,Silver
ACC-00726,Customer 00726,2023-12-09,CZ,44,Mobile App,False,Bronze
ACC-00727,Customer 00727,2023-11-19,SK,30,Web,True,Bronze
ACC-00728,Customer 00728,2021-02-15,CZ,21,Email,True,Gold
ACC-00729,Customer 00729,2024-11-25,CZ,49,Web,True,Silver
ACC-00730,Customer 00730,2023-09-07,CZ,21,Mobile App,False,Bronze
ACC-00731,Customer 00731,2021-09-07,CZ,42,Web,False,Bronze
ACC-00732,Customer 00732,2021-01-31,SK,40,Mobile App,True,Bronze
ACC-00733,Customer 00733,2021-05-19,CZ,27,Email,True,Bronze
ACC-00734,Customer 00734,2021-06-14,SK,45,Email,False,Silver
ACC-00735,Customer 00735,2024-05-02,CZ,37,Store,False,Bronze
ACC-00736,Customer 00736,2021-09-25,CZ,43,Store,False,Silver
ACC-00737,Customer 00737,2021-12-08,CZ,33,Mobile App,True,Gold
ACC-00738,Customer 00738,2024-06-26,SK,44,Web,True,Gold
ACC-00739,Customer 00739,2022-12-29,CZ,24,Mobile App,True,Silver
ACC-00740,Customer 00740,2024-06-18,CZ,45,Email,True,Bronze
ACC-00741,Customer 00741,2023-10-16,SK,20,Email,True,Bronze
ACC-00742,Customer 00742,2023-09-19,SK,58,Email,False,Gold
ACC-00743,Customer 00743,2023-04-30,CZ,39,Web,False,Gold
ACC-00744,Customer 00744,2023-04-10,CZ,39,Store,True,Bronze
ACC-00745,Customer 00745,2023-12-13,CZ,48,Web,True,Gold
ACC-00746,Customer 00746,2024-04-25,CZ,37,Mobile App,False,Bronze
ACC-00747,Customer 00747,2021-07-07,SK,50,Email,True,Silver
ACC-00748,Customer 00748,2021-06-05,CZ,33,Mobile App,True,Bronze
ACC-00749,Customer 00749,2022-03-16,CZ,40,Email,True,Silver
ACC-00750,Customer 00750,2021-03-07,SK,28,Email,False,Bronze
ACC-00751,Customer 00751,2023-08-15,CZ,36,Web,False,Silver
ACC-00752,Customer 00752,2022-07-13,SK,18,Mobile App,True,Bronze
ACC-00753,Customer 00753,2021-11-04,SK,51,Store,True,Gold
ACC-00754,Customer 00754,2021-05-25,CZ,42,Mobile App,True,Bronze
ACC-00755,Customer 00755,2022-10-05,CZ,56,Web,True,Silver
ACC-00756,Customer 00756,2021-01-22,SK,46,Web,True,Gold
ACC-00757,Customer 00757,2021-06-26,CZ,31,Web,True,Bronze
ACC-00758,Customer 00758,2024-07-11,SK,43,Email,True,Silver
ACC-00759,Customer 00759,2022-12-10,CZ,38,Mobile App,False,Bronze
ACC-00760,Customer 00760,2024-09-18,SK,46,Web,True,Gold
ACC-00761,Customer 00761,2024-12-20,CZ,32,Web,False,Silver
ACC-00762,Customer 00762,2022-08-22,SK,23,Mobile App,True,Bronze
ACC-00763,Customer 00763,2024-12-28,CZ,31,Mobile App,False,Bronze
ACC-00764,Customer 00764,2021-01-13,SK,18,Mobile App,True,Bronze
ACC-00765,Customer 00765,2021-05-12,CZ,61,Web,False,Silver
ACC-00766,Customer 00766,2023-05-21,CZ,18,Email,False,Silver
ACC-00767,Customer 00767,2022-05-10,CZ,27,Email,True,Silver
ACC-00768,Customer 00768,2023-04-12,CZ,45,Web,True,Silver
ACC-00769,Customer 00769,2022-07-19,CZ,36,Store,True,Bronze
ACC-00770,Customer 00770,2024-10-26,CZ,35,Store,False,Bronze
ACC-00771,Customer 00771,2022-10-31,CZ,30,Web,False,Gold
ACC-00772,Customer 00772,2022-09-19,SK,50,Web,False,Silver
ACC-00773,Customer 00773,2024-06-01,CZ,39,Email,False,Bronze
ACC-00774,Customer 00774,2024-01-25,CZ,48,Email,False,Bronze
ACC-00775,Customer 00775,2023-12-31,CZ,31,Web,True,Silver
ACC-00776,Customer 00776,2024-04-09,CZ,47,Web,True,Gold
ACC-00777,Customer 00777,2021-04-17,SK,41,Store,True,Silver
ACC-00778,Customer 00778,2024-08-07,CZ,46,Web,True,Bronze
ACC-00779,Customer 00779,2024-11-29,SK,39,Email,False,Bronze
ACC-00780,Customer 00780,2023-06-30,SK,46,Email,True,Silver
ACC-00781,Customer 00781,2024-07-01,CZ,33,Email,False,Gold
ACC-00782,Customer 00782,2024-06-04,SK,31,Email,True,Silver
ACC-00783,Customer 00783,2023-11-11,CZ,38,Mobile App,False,Bronze
ACC-00784,Customer 00784,2021-07-05,CZ,45,Store,False,Silver
ACC-00785,Customer 00785,2023-09-24,SK,23,Mobile App,True,Silver
ACC-00786,Customer 00786,2022-03-08,SK,20,Email,True,Silver
ACC-00787,Customer 00787,2024-10-19,CZ,32,Email,True,Silver
ACC-00788,Customer 00788,2021-10-22,CZ,18,Mobile App,False,Gold
ACC-00789,Customer 00789,2021-08-01,CZ,28,Store,True,Gold
ACC-00790,Customer 00790,2024-04-21,CZ,47,Store,False,Silver
ACC-00791,Customer 00791,2023-04-30,SK,32,Email,True,Silver
ACC-00792,Customer 00792,2022-06-28,CZ,45,Email,True,Bronze
ACC-00793,Customer 00793,2022-06-30,CZ,50,Email,False,Bronze
ACC-00794,Customer 00794,2023-08-19,CZ,40,Store,True,Silver
ACC-00795,Customer 00795,2022-01-01,CZ,35,Web,False,Silver
ACC-00796,Customer 00796,2021-12-07,CZ,22,Mobile App,True,Bronze
ACC-00797,Customer 00797,2021-09-21,CZ,41,Web,False,Gold
ACC-00798,Customer 00798,2021-02-09,CZ,47,Web,False,Silver
ACC-00799,Customer 00799,2021-02-16,CZ,24,Email,False,Bronze
ACC-00800,Customer 00800,2023-08-28,CZ,36,Mobile App,True,Gold
ACC-00801,Customer 00801,2022-03-10,CZ,47,Email,False,Silver
ACC-00802,Customer 00802,2021-07-03,CZ,18,Email,True,Bronze
ACC-00803,Customer 00803,2023-03-11,CZ,32,Web,False,Silver
ACC-00804,Customer 00804,2023-08-10,CZ,28,Email,False,Bronze
ACC-00805,Customer 00805,2024-10-03,SK,33,Web,True,Silver
ACC-00806,Customer 00806,2022-10-19,CZ,36,Mobile App,False,Bronze
ACC-00807,Customer 00807,2023-02-03,CZ,52,Web,False,Silver
ACC-00808,Customer 00808,2021-01-30,CZ,27,Store,True,Bronze
ACC-00809,Customer 00809,2024-10-20,CZ,35,Email,True,Silver
ACC-00810,Customer 00810,2022-05-29,CZ,47,Store,True,Gold
ACC-00811,Customer 00811,2024-06-23,CZ,27,Mobile App,True,Silver
ACC-00812,Customer 00812,2022-02-05,CZ,45,Web,True,Silver
ACC-00813,Customer 00813,2021-08-19,CZ,34,Mobile App,True,Bronze
ACC-00814,Customer 00814,2022-04-13,CZ,36,Web,False,Silver
ACC-00815,Customer 00815,2021-06-19,CZ,35,Mobile App,True,Bronze
ACC-00816,Customer 00816,2023-03-02,SK,43,Web,False,Silver
ACC-00817,Customer 00817,2021-09-05,CZ,37,Mobile App,True,Silver
ACC-00818,Customer 00818,2021-04-21,CZ,58,Email,True,Silver
ACC-00819,Customer 00819,2022-06-06,CZ,40,Store,False,Bronze
ACC-00820,Customer 00820,2021-09-24,CZ,36,Mobile App,True,Bronze
ACC-00821,Customer 00821,2021-01-18,CZ,21,Web,True,Silver
ACC-00822,Customer 00822,2021-07-15,CZ,30,Mobile App,False,Bronze
ACC-00823,Customer 00823,2024-06-29,SK,30,Mobile App,True,Bronze
ACC-00824,Customer 00824,2023-08-20,CZ,64,Email,True,Silver
ACC-00825,Customer 00825,2022-05-27,CZ,22,Email,False,Silver
ACC-00826,Customer 00826,2023-06-13,CZ,44,Email,True,Silver
ACC-00827,Customer 00827,2022-01-03,SK,31,Mobile App,True,Silver
ACC-00828,Customer 00828,2022-03-27,CZ,55,Web,False,Bronze
ACC-00829,Customer 00829,2021-05-18,SK,27,Store,False,Bronze
ACC-00830,Customer 00830,2024-05-22,CZ,33,Mobile App,True,Gold
ACC-00831,Customer 00831,2021-07-08,CZ,50,Email,True,Silver
ACC-00832,Customer 00832,2023-12-23,CZ,20,Store,True,Bronze
ACC-00833,Customer 00833,2021-03-19,CZ,25,Store,False,Silver
ACC-00834,Customer 00834,2022-01-11,SK,30,Web,False,Silver
ACC-00835,Customer 00835,2021-10-31,CZ,47,Store,False,Gold
ACC-00836,Customer 00836,2024-12-18,CZ,18,Store,True,Bronze
ACC-00837,Customer 00837,2023-03-13,CZ,31,Email,True,Silver
ACC-00838,Customer 00838,2024-05-09,CZ,27,Email,True,Silver
ACC-00839,Customer 00839,2023-04-25,CZ,48,Web,False,Silver
ACC-00840,Customer 00840,2023-01-30,CZ,47,Store,True,Gold
ACC-00841,Customer 00841,2023-07-03,CZ,58,Store,True,Bronze
ACC-00842,Customer 00842,2021-09-06,CZ,46,Web,True,Bronze
ACC-00843,Customer 00843,2022-05-02,CZ,22,Email,True,Bronze
ACC-00844,Customer 00844,2024-04-29,SK,34,Mobile App,False,Bronze
ACC-00845,Customer 00845,2022-11-15,CZ,23,Web,False,Bronze
ACC-00846,Customer 00846,2024-10-10,SK,35,Web,True,Silver
ACC-00847,Customer 00847,2024-05-21,SK,30,Web,False,Bronze
ACC-00848,Customer 00848,2024-04-04,CZ,40,Web,False,Bronze
ACC-00849,Customer 00849,2024-08-17,CZ,36,Web,True,Silver
ACC-00850,Customer 00850,2022-09-14,SK,37,Web,False,Silver
ACC-00851,Customer 00851,2021-11-20,CZ,34,Mobile App,False,Silver
ACC-00852,Customer 00852,2022-01-30,CZ,33,Web,True,Bronze
ACC-00853,Customer 00853,2022-11-10,CZ,27,Store,True,Gold
ACC-00854,Customer 00854,2023-02-09,SK,52,Mobile App,True,Gold
ACC-00855,Customer 00855,2024-07-01,CZ,45,Store,False,Silver
ACC-00856,Customer 00856,2024-10-19,SK,35,Email,False,Bronze
ACC-00857,Customer 00857,2024-02-01,CZ,33,Email,False,Bronze
ACC-00858,Customer 00858,2021-12-18,CZ,28,Web,True,Bronze
ACC-00859,Customer 00859,2022-11-09,CZ,18,Web,False,Bronze
ACC-00860,Customer 00860,2021-01-04,CZ,34,Web,True,Bronze
ACC-00861,Customer 00861,2022-08-31,CZ,28,Store,True,Silver
ACC-00862,Customer 00862,2021-12-15,CZ,29,Mobile App,True,Silver
ACC-00863,Customer 00863,2024-04-12,CZ,18,Web,False,Silver
ACC-00864,Customer 00864,2022-06-08,CZ,69,Mobile App,False,Bronze
ACC-00865,Customer 00865,2021-03-17,CZ,26,Web,False,Bronze
ACC-00866,Customer 00866,2023-08-22,CZ,50,Store,True,Bronze
ACC-00867,Customer 00867,2023-11-10,SK,57,Store,True,Bronze
ACC-00868,Customer 00868,2021-06-04,SK,31,Email,True,Gold
ACC-00869,Customer 00869,2022-08-08,SK,34,Web,False,Bronze
ACC-00870,Customer 00870,2022-12-27,CZ,29,Store,False,Silver
ACC-00871,Customer 00871,2024-10-26,CZ,28,Email,True,Silver
ACC-00872,Customer 00872,2023-02-11,CZ,24,Store,True,Bronze
ACC-00873,Customer 00873,2022-06-16,CZ,25,Email,False,Bronze
ACC-00874,Customer 00874,2022-03-02,CZ,21,Mobile App,False,Silver
ACC-00875,Customer 00875,2022-11-30,CZ,65,Mobile App,True,Bronze
ACC-00876,Customer 00876,2021-03-27,CZ,26,Email,False,Bronze
ACC-00877,Customer 00877,2022-07-10,SK,47,Mobile App,False,Bronze
ACC-00878,Customer 00878,2024-06-05,CZ,28,Store,True,Bronze
ACC-00879,Customer 00879,2024-09-19,CZ,35,Email,False,Silver
ACC-00880,Customer 00880,2021-06-22,SK,38,Web,True,Silver
ACC-00881,Customer 00881,2022-01-09,CZ,33,Store,False,Bronze
ACC-00882,Customer 00882,2024-04-11,CZ,40,Mobile App,True,Gold
ACC-00883,Customer 00883,2021-09-14,CZ,18,Email,False,Bronze
ACC-00884,Customer 00884,2023-04-11,CZ,53,Web,True,Bronze
ACC-00885,Customer 00885,2023-09-04,CZ,57,Web,True,Silver
ACC-00886,Customer 00886,2024-09-10,SK,22,Email,True,Silver
ACC-00887,Customer 00887,2024-03-30,CZ,22,Web,False,Silver
ACC-00888,Customer 00888,2021-04-21,SK,22,Email,True,Silver
ACC-00889,Customer 00889,2024-04-19,CZ,39,Mobile App,True,Gold
ACC-00890,Customer 00890,2024-09-01,CZ,18,Email,False,Bronze
ACC-00891,Customer 00891,2023-04-18,SK,34,Mobile App,False,Bronze
ACC-00892,Customer 00892,2023-11-04,CZ,43,Store,True,Silver
ACC-00893,Customer 00893,2022-11-27,CZ,60,Web,False,Silver
ACC-00894,Customer 00894,2021-09-30,CZ,55,Email,False,Bronze
ACC-00895,Customer 00895,2022-03-29,CZ,40,Web,False,Silver
ACC-00896,Customer 00896,2024-04-12,CZ,40,Web,False,Bronze
ACC-00897,Customer 00897,2024-01-12,SK,46,Web,False,Bronze
ACC-00898,Customer 00898,2024-10-24,CZ,40,Email,True,Gold
ACC-00899,Customer 00899,2021-12-21,SK,34,Store,True,Bronze
ACC-00900,Customer 00900,2023-09-02,SK,26,Web,True,Silver
ACC-00901,Customer 00901,2024-03-16,SK,18,Web,True,Bronze
ACC-00902,Customer 00902,2023-03-19,CZ,25,Web,False,Bronze
ACC-00903,Customer 00903,2023-08-17,SK,45,Mobile App,False,Bronze
ACC-00904,Customer 00904,2021-09-18,SK,48,Web,True,Silver
ACC-00905,Customer 00905,2023-07-14,SK,56,Web,True,Silver
ACC-00906,Customer 00906,2022-01-06,SK,18,Store,True,Bronze
ACC-00907,Customer 00907,2021-12-04,CZ,38,Email,True,Silver
ACC-00908,Customer 00908,2022-01-12,CZ,42,Email,False,Silver
ACC-00909,Customer 00909,2024-07-29,CZ,21,Store,True,Gold
ACC-00910,Customer 00910,2022-06-14,CZ,55,Web,True,Silver
ACC-00911,Customer 00911,2023-10-06,CZ,44,Store,False,Gold
ACC-00912,Customer 00912,2024-11-04,SK,61,Store,False,Bronze
ACC-00913,Customer 00913,2022-08-06,SK,35,Web,False,Bronze
ACC-00914,Customer 00914,2024-12-20,CZ,43,Web,True,Silver
ACC-00915,Customer 00915,2024-03-25,SK,36,Email,False,Bronze
ACC-00916,Customer 00916,2024-09-26,CZ,26,Store,True,Silver
ACC-00917,Customer 00917,2022-01-17,SK,24,Email,True,Bronze
ACC-00918,Customer 00918,2022-11-15,CZ,36,Web,True,Silver
ACC-00919,Customer 00919,2021-05-20,CZ,39,Email,True,Silver
ACC-00920,Customer 00920,2022-01-12,CZ,31,Web,True,Bronze
ACC-00921,Customer 00921,2024-07-11,SK,24,Store,True,Bronze
ACC-00922,Customer 00922,2024-04-07,CZ,39,Mobile App,True,Silver
ACC-00923,Customer 00923,2024-07-28,CZ,46,Mobile App,False,Gold
ACC-00924,Customer 00924,2024-12-02,CZ,22,Store,False,Silver
ACC-00925,Customer 00925,2022-12-11,CZ,40,Store,False,Silver
ACC-00926,Customer 00926,2024-02-29,CZ,31,Store,True,Gold
ACC-00927,Customer 00927,2024-01-02,CZ,41,Store,False,Silver
ACC-00928,Customer 00928,2021-01-28,CZ,31,Email,False,Bronze
ACC-00929,Customer 00929,2022-08-10,CZ,38,Web,True,Silver
ACC-00930,Customer 00930,2022-07-21,CZ,33,Mobile App,True,Silver
ACC-00931,Customer 00931,2023-05-30,SK,28,Email,False,Gold
ACC-00932,Customer 00932,2022-12-03,SK,21,Web,True,Gold
ACC-00933,Customer 00933,2024-08-12,CZ,32,Web,True,Bronze
ACC-00934,Customer 00934,2022-03-21,CZ,24,Mobile App,False,Bronze
ACC-00935,Customer 00935,2021-06-19,SK,41,Store,False,Silver
ACC-00936,Customer 00936,2024-05-23,CZ,49,Web,True,Silver
ACC-00937,Customer 00937,2024-10-08,SK,42,Email,False,Bronze
ACC-00938,Customer 00938,2023-09-01,SK,18,Store,True,Silver
ACC-00939,Customer 00939,2021-08-01,CZ,31,Mobile App,True,Gold
ACC-00940,Customer 00940,2022-12-27,CZ,28,Email,False,Gold
ACC-00941,Customer 00941,2021-08-08,CZ,40,Web,True,Bronze
ACC-00942,Customer 00942,2023-11-08,SK,39,Mobile App,False,Silver
ACC-00943,Customer 00943,2024-04-27,SK,30,Mobile App,False,Silver
ACC-00944,Customer 00944,2022-07-30,CZ,31,Email,True,Bronze
ACC-00945,Customer 00945,2022-06-14,CZ,43,Mobile App,True,Bronze
ACC-00946,Customer 00946,2021-09-13,CZ,37,Email,True,Gold
ACC-00947,Customer 00947,2024-12-18,CZ,41,Web,True,Gold
ACC-00948,Customer 00948,2024-09-06,CZ,32,Mobile App,True,Silver
ACC-00949,Customer 00949,2024-01-14,SK,18,Email,False,Silver
ACC-00950,Customer 00950,2023-11-12,CZ,27,Web,False,Silver
ACC-00951,Customer 00951,2023-04-13,CZ,41,Email,True,Silver
ACC-00952,Customer 00952,2021-10-19,CZ,28,Email,True,Silver
ACC-00953,Customer 00953,2024-09-01,CZ,39,Email,True,Bronze
ACC-00954,Customer 00954,2024-08-15,CZ,48,Email,True,Bronze
ACC-00955,Customer 00955,2024-01-24,CZ,38,Web,False,Silver
ACC-00956,Customer 00956,2022-12-12,SK,53,Store,True,Gold
ACC-00957,Customer 00957,2024-07-25,CZ,24,Email,False,Bronze
ACC-00958,Customer 00958,2024-09-01,CZ,42,Mobile App,True,Bronze
ACC-00959,Customer 00959,2023-08-08,CZ,27,Email,True,Silver
ACC-00960,Customer 00960,2022-07-14,SK,23,Email,False,Bronze
ACC-00961,Customer 00961,2024-01-25,CZ,33,Web,False,Bronze
ACC-00962,Customer 00962,2021-08-02,CZ,44,Mobile App,True,Silver
ACC-00963,Customer 00963,2023-09-10,CZ,40,Web,False,Bronze
ACC-00964,Customer 00964,2021-07-05,CZ,47,Email,False,Bronze
ACC-00965,Customer 00965,2024-11-13,SK,50,Mobile App,False,Gold
ACC-00966,Customer 00966,2023-02-21,CZ,25,Email,True,Bronze
ACC-00967,Customer 00967,2023-10-05,CZ,19,Mobile App,False,Bronze
ACC-00968,Customer 00968,2022-10-20,CZ,34,Email,True,Bronze
ACC-00969,Customer 00969,2024-04-29,SK,52,Email,False,Bronze
ACC-00970,Customer 00970,2024-02-25,CZ,35,Mobile App,False,Bronze
ACC-00971,Customer 00971,2021-11-26,CZ,33,Web,False,Bronze
ACC-00972,Customer 00972,2023-08-05,CZ,31,Mobile App,False,Silver
ACC-00973,Customer 00973,2023-08-23,CZ,36,Mobile App,True,Gold
ACC-00974,Customer 00974,2024-03-30,CZ,18,Mobile App,True,Bronze
ACC-00975,Customer 00975,2021-12-19,CZ,31,Email,True,Gold
ACC-00976,Customer 00976,2023-01-10,CZ,44,Store,True,Bronze
ACC-00977,Customer 00977,2021-09-20,CZ,32,Web,False,Bronze
ACC-00978,Customer 00978,2023-09-22,CZ,25,Store,True,Bronze
ACC-00979,Customer 00979,2021-05-24,SK,46,Web,True,Silver
ACC-00980,Customer 00980,2022-09-27,CZ,24,Web,True,Bronze
ACC-00981,Customer 00981,2023-11-03,CZ,48,Email,True,Silver
ACC-00982,Customer 00982,2021-01-05,CZ,38,Store,False,Bronze
ACC-00983,Customer 00983,2024-08-11,SK,30,Mobile App,False,Silver
ACC-00984,Customer 00984,2024-07-14,CZ,40,Email,True,Silver
ACC-00985,Customer 00985,2024-12-08,CZ,25,Store,False,Silver
ACC-00986,Customer 00986,2021-04-17,CZ,52,Web,True,Bronze
ACC-00987,Customer 00987,2023-04-25,CZ,37,Mobile App,True,Gold
ACC-00988,Customer 00988,2023-07-27,CZ,32,Store,True,Bronze
ACC-00989,Customer 00989,2021-12-13,SK,33,Store,True,Silver
ACC-00990,Customer 00990,2023-09-03,SK,44,Mobile App,False,Silver
ACC-00991,Customer 00991,2022-11-25,CZ,21,Web,True,Bronze
ACC-00992,Customer 00992,2022-02-17,CZ,27,Web,False,Silver
ACC-00993,Customer 00993,2021-09-21,SK,18,Email,True,Bronze
ACC-00994,Customer 00994,2022-09-18,CZ,62,Email,False,Bronze
ACC-00995,Customer 00995,2023-01-23,CZ,39,Mobile App,False,Bronze
ACC-00996,Customer 00996,2021-04-22,SK,31,Web,False,Silver
ACC-00997,Customer 00997,2023-09-01,SK,18,Mobile App,True,Bronze
ACC-00998,Customer 00998,2022-01-06,CZ,27,Web,False,Silver
ACC-00999,Customer 00999,2022-06-30,CZ,34,Email,False,Bronze
ACC-01000,Customer 01000,2021-12-04,CZ,46,Web,False,Bronze
ACC-01001,Customer 01001,2023-11-04,CZ,46,Mobile App,False,Silver
ACC-01002,Customer 01002,2022-02-23,CZ,47,Email,True,Silver
ACC-01003,Customer 01003,2021-04-15,CZ,38,Store,True,Bronze
ACC-01004,Customer 01004,2022-10-03,CZ,43,Web,True,Bronze
ACC-01005,Customer 01005,2022-09-21,CZ,32,Email,True,Gold
ACC-01006,Customer 01006,2023-03-06,CZ,37,Mobile App,True,Silver
ACC-01007,Customer 01007,2022-04-11,CZ,55,Store,False,Silver
ACC-01008,Customer 01008,2024-02-12,SK,32,Web,True,Bronze
ACC-01009,Customer 01009,2021-07-06,CZ,27,Mobile App,True,Silver
ACC-01010,Customer 01010,2024-08-06,SK,49,Mobile App,True,Bronze
ACC-01011,Customer 01011,2023-12-07,CZ,39,Mobile App,True,Silver
ACC-01012,Customer 01012,2023-01-03,SK,38,Store,True,Bronze
ACC-01013,Customer 01013,2022-12-25,CZ,27,Mobile App,False,Gold
ACC-01014,Customer 01014,2021-09-18,SK,40,Email,True,Silver
ACC-01015,Customer 01015,2022-01-23,CZ,43,Mobile App,True,Silver
ACC-01016,Customer 01016,2022-02-20,CZ,53,Web,True,Bronze
ACC-01017,Customer 01017,2022-09-24,CZ,58,Mobile App,False,Silver
ACC-01018,Customer 01018,2023-08-15,CZ,27,Mobile App,False,Silver
ACC-01019,Customer 01019,2024-05-30,CZ,34,Store,False,Gold
ACC-01020,Customer 01020,2023-04-28,CZ,47,Mobile App,True,Silver
ACC-01021,Customer 01021,2024-07-25,CZ,49,Email,False,Bronze
ACC-01022,Customer 01022,2021-02-04,CZ,27,Store,False,Bronze
ACC-01023,Customer 01023,2023-04-03,CZ,26,Email,True,Silver
ACC-01024,Customer 01024,2023-12-20,SK,37,Mobile App,True,Bronze
ACC-01025,Customer 01025,2024-10-17,CZ,37,Web,False,Bronze
ACC-01026,Customer 01026,2022-12-12,CZ,43,Mobile App,True,Gold
ACC-01027,Customer 01027,2022-12-05,SK,28,Web,True,Bronze
ACC-01028,Customer 01028,2024-04-08,SK,46,Store,False,Silver
ACC-01029,Customer 01029,2024-11-14,CZ,22,Email,True,Bronze
ACC-01030,Customer 01030,2021-04-13,CZ,42,Web,False,Bronze
ACC-01031,Customer 01031,2023-03-24,CZ,46,Web,False,Bronze
ACC-01032,Customer 01032,2023-12-29,SK,43,Web,False,Bronze
ACC-01033,Customer 01033,2021-04-11,SK,48,Store,False,Gold
ACC-01034,Customer 01034,2022-05-10,CZ,35,Web,False,Silver
ACC-01035,Customer 01035,2024-02-13,CZ,40,Web,False,Silver
ACC-01036,Customer 01036,2024-07-16,CZ,30,Store,False,Bronze
ACC-01037,Customer 01037,2021-01-24,SK,39,Mobile App,True,Gold
ACC-01038,Customer 01038,2022-10-22,SK,33,Mobile App,True,Bronze
ACC-01039,Customer 01039,2024-12-10,CZ,31,Web,False,Bronze
ACC-01040,Customer 01040,2024-03-04,SK,62,Store,False,Bronze
ACC-01041,Customer 01041,2021-08-21,CZ,18,Web,False,Silver
ACC-01042,Customer 01042,2021-08-17,CZ,43,Store,False,Bronze
ACC-01043,Customer 01043,2024-03-04,CZ,29,Web,False,Gold
ACC-01044,Customer 01044,2023-04-05,CZ,46,Web,True,Silver
ACC-01045,Customer 01045,2023-07-21,CZ,28,Email,False,Bronze
ACC-01046,Customer 01046,2021-12-14,CZ,41,Email,True,Bronze
ACC-01047,Customer 01047,2022-01-10,CZ,31,Email,False,Silver
ACC-01048,Customer 01048,2023-03-02,SK,32,Mobile App,False,Silver
ACC-01049,Customer 01049,2021-01-09,CZ,58,Email,True,Silver
ACC-01050,Customer 01050,2024-02-22,CZ,36,Web,False,Bronze
ACC-01051,Customer 01051,2022-05-15,CZ,44,Store,True,Bronze
ACC-01052,Customer 01052,2022-02-03,CZ,26,Web,True,Bronze
ACC-01053,Customer 01053,2024-05-06,SK,35,Mobile App,False,Bronze
ACC-01054,Customer 01054,2021-03-15,CZ,33,Web,False,Silver
ACC-01055,Customer 01055,2021-04-10,SK,58,Mobile App,True,Silver
ACC-01056,Customer 01056,2023-04-04,CZ,51,Store,True,Silver
ACC-01057,Customer 01057,2024-01-15,CZ,42,Email,False,Bronze
ACC-01058,Customer 01058,2024-11-08,SK,29,Store,False,Bronze
ACC-01059,Customer 01059,2021-03-04,SK,33,Email,True,Bronze
ACC-01060,Customer 01060,2023-10-16,CZ,43,Mobile App,False,Silver
ACC-01061,Customer 01061,2022-03-31,CZ,41,Mobile App,True,Bronze
ACC-01062,Customer 01062,2022-12-14,CZ,33,Store,True,Gold
ACC-01063,Customer 01063,2022-12-02,CZ,20,Email,True,Silver
ACC-01064,Customer 01064,2023-02-17,CZ,41,Web,False,Bronze
ACC-01065,Customer 01065,2023-02-26,SK,33,Mobile App,False,Gold
ACC-01066,Customer 01066,2023-08-11,SK,22,Store,False,Bronze
ACC-01067,Customer 01067,2022-08-04,CZ,34,Web,False,Bronze
ACC-01068,Customer 01068,2023-12-04,CZ,18,Mobile App,True,Bronze
ACC-01069,Customer 01069,2023-10-27,CZ,29,Mobile App,False,Silver
ACC-01070,Customer 01070,2022-05-16,CZ,33,Store,False,Bronze
ACC-01071,Customer 01071,2021-11-12,CZ,37,Mobile App,True,Gold
ACC-01072,Customer 01072,2024-10-05,CZ,48,Web,True,Gold
ACC-01073,Customer 01073,2021-09-22,SK,33,Email,True,Gold
ACC-01074,Customer 01074,2024-10-11,SK,46,Mobile App,True,Gold
ACC-01075,Customer 01075,2021-03-01,SK,43,Email,False,Bronze
ACC-01076,Customer 01076,2024-03-06,CZ,43,Mobile App,True,Bronze
ACC-01077,Customer 01077,2024-06-17,CZ,21,Store,True,Silver
ACC-01078,Customer 01078,2021-06-29,CZ,45,Email,False,Gold
ACC-01079,Customer 01079,2021-09-20,CZ,30,Web,False,Gold
ACC-01080,Customer 01080,2023-08-08,CZ,36,Mobile App,False,Bronze
ACC-01081,Customer 01081,2024-02-14,SK,33,Email,True,Bronze
ACC-01082,Customer 01082,2023-08-28,CZ,45,Web,False,Bronze
ACC-01083,Customer 01083,2023-10-26,SK,36,Email,True,Silver
ACC-01084,Customer 01084,2023-05-27,CZ,18,Store,True,Bronze
ACC-01085,Customer 01085,2024-04-05,CZ,30,Email,True,Bronze
ACC-01086,Customer 01086,2021-07-21,SK,28,Mobile App,True,Silver
ACC-01087,Customer 01087,2021-01-02,CZ,30,Email,True,Bronze
ACC-01088,Customer 01088,2024-09-20,CZ,44,Mobile App,True,Silver
ACC-01089,Customer 01089,2023-02-20,CZ,23,Email,False,Silver
ACC-01090,Customer 01090,2022-12-07,CZ,37,Email,False,Bronze
ACC-01091,Customer 01091,2024-01-11,CZ,54,Email,True,Gold
ACC-01092,Customer 01092,2022-03-02,CZ,24,Email,False,Silver
ACC-01093,Customer 01093,2024-11-03,CZ,49,Mobile App,False,Bronze
ACC-01094,Customer 01094,2024-11-11,CZ,35,Email,True,Silver
ACC-01095,Customer 01095,2022-01-06,CZ,23,Store,False,Silver
ACC-01096,Customer 01096,2021-04-19,SK,30,Mobile App,False,Silver
ACC-01097,Customer 01097,2021-03-17,SK,18,Web,False,Bronze
ACC-01098,Customer 01098,2022-07-13,CZ,35,Store,True,Silver
ACC-01099,Customer 01099,2023-11-06,CZ,43,Email,False,Bronze
ACC-01100,Customer 01100,2024-01-22,SK,32,Web,True,Silver
ACC-01101,Customer 01101,2023-12-04,CZ,21,Mobile App,True,Bronze
ACC-01102,Customer 01102,2022-03-12,SK,40,Web,False,Bronze
ACC-01103,Customer 01103,2024-05-30,CZ,28,Store,False,Bronze
ACC-01104,Customer 01104,2021-09-21,CZ,24,Web,False,Silver
ACC-01105,Customer 01105,2023-01-17,SK,31,Web,False,Gold
ACC-01106,Customer 01106,2022-02-14,CZ,56,Mobile App,True,Silver
ACC-01107,Customer 01107,2024-06-22,CZ,41,Mobile App,False,Gold
ACC-01108,Customer 01108,2024-08-01,CZ,66,Web,True,Silver
ACC-01109,Customer 01109,2021-06-17,CZ,33,Email,True,Bronze
ACC-01110,Customer 01110,2023-02-19,SK,41,Mobile App,True,Bronze
ACC-01111,Customer 01111,2021-12-24,CZ,47,Email,False,Gold
ACC-01112,Customer 01112,2021-10-06,CZ,32,Store,True,Bronze
ACC-01113,Customer 01113,2023-10-22,CZ,50,Email,True,Silver
ACC-01114,Customer 01114,2021-08-10,CZ,52,Store,True,Gold
ACC-01115,Customer 01115,2021-11-06,SK,53,Web,False,Silver
ACC-01116,Customer 01116,2022-11-09,SK,27,Mobile App,False,Bronze
ACC-01117,Customer 01117,2021-03-30,CZ,29,Web,False,Gold
ACC-01118,Customer 01118,2023-07-04,SK,27,Email,False,Silver
ACC-01119,Customer 01119,2023-12-09,CZ,41,Email,True,Gold
ACC-01120,Customer 01120,2023-09-10,SK,31,Web,False,Bronze
ACC-01121,Customer 01121,2022-12-26,CZ,30,Store,True,Bronze
ACC-01122,Customer 01122,2024-11-20,CZ,31,Web,False,Gold
ACC-01123,Customer 01123,2021-08-11,CZ,40,Web,True,Bronze
ACC-01124,Customer 01124,2023-06-29,CZ,38,Store,True,Bronze
ACC-01125,Customer 01125,2022-09-23,CZ,19,Store,True,Silver
ACC-01126,Customer 01126,2024-04-18,CZ,38,Store,False,Bronze
ACC-01127,Customer 01127,2024-09-04,CZ,54,Store,True,Silver
ACC-01128,Customer 01128,2024-03-10,CZ,24,Email,False,Bronze
ACC-01129,Customer 01129,2023-07-18,CZ,52,Web,True,Silver
ACC-01130,Customer 01130,2024-06-11,SK,41,Email,True,Silver
ACC-01131,Customer 01131,2021-05-16,CZ,44,Web,True,Bronze
ACC-01132,Customer 01132,2021-07-16,SK,47,Web,True,Silver
ACC-01133,Customer 01133,2023-10-22,CZ,32,Mobile App,True,Silver
ACC-01134,Customer 01134,2022-10-14,CZ,34,Store,False,Bronze
ACC-01135,Customer 01135,2023-11-14,CZ,39,Mobile App,False,Silver
ACC-01136,Customer 01136,2023-05-04,CZ,18,Mobile App,False,Bronze
ACC-01137,Customer 01137,2023-03-03,CZ,24,Mobile App,False,Bronze
ACC-01138,Customer 01138,2023-08-24,CZ,48,Mobile App,True,Silver
ACC-01139,Customer 01139,2021-09-28,CZ,31,Store,False,Bronze
ACC-01140,Customer 01140,2023-08-26,CZ,35,Email,True,Gold
ACC-01141,Customer 01141,2024-02-07,CZ,18,Web,True,Silver
ACC-01142,Customer 01142,2023-03-20,CZ,30,Web,False,Gold
ACC-01143,Customer 01143,2021-12-05,CZ,45,Web,False,Bronze
ACC-01144,Customer 01144,2024-06-30,SK,29,Web,False,Silver
ACC-01145,Customer 01145,2021-02-15,CZ,40,Mobile App,True,Silver
ACC-01146,Customer 01146,2024-06-06,CZ,35,Email,False,Bronze
ACC-01147,Customer 01147,2023-05-12,CZ,37,Email,True,Bronze
ACC-01148,Customer 01148,2024-10-20,SK,52,Store,True,Bronze
ACC-01149,Customer 01149,2022-08-28,CZ,39,Store,True,Bronze
ACC-01150,Customer 01150,2021-10-16,CZ,33,Mobile App,True,Bronze
ACC-01151,Customer 01151,2021-02-04,CZ,31,Web,False,Bronze
ACC-01152,Customer 01152,2024-11-23,SK,48,Mobile App,True,Silver
ACC-01153,Customer 01153,2022-07-16,CZ,27,Mobile App,False,Gold
ACC-01154,Customer 01154,2023-12-30,CZ,44,Mobile App,True,Gold
ACC-01155,Customer 01155,2022-02-08,CZ,18,Web,False,Bronze
ACC-01156,Customer 01156,2021-12-02,SK,55,Store,True,Silver
ACC-01157,Customer 01157,2024-02-19,CZ,41,Web,True,Silver
ACC-01158,Customer 01158,2024-04-12,CZ,35,Mobile App,True,Silver
ACC-01159,Customer 01159,2023-01-03,CZ,38,Web,True,Gold
ACC-01160,Customer 01160,2021-04-06,SK,37,Mobile App,True,Silver
ACC-01161,Customer 01161,2021-08-20,SK,39,Email,False,Silver
ACC-01162,Customer 01162,2021-01-03,CZ,36,Web,False,Silver
ACC-01163,Customer 01163,2024-07-03,SK,35,Web,True,Bronze
ACC-01164,Customer 01164,2024-04-21,SK,44,Store,False,Silver
ACC-01165,Customer 01165,2024-10-18,CZ,48,Email,True,Bronze
ACC-01166,Customer 01166,2023-07-25,SK,31,Web,True,Silver
ACC-01167,Customer 01167,2022-07-20,CZ,35,Store,True,Bronze
ACC-01168,Customer 01168,2024-01-23,CZ,24,Web,True,Bronze
ACC-01169,Customer 01169,2023-01-24,CZ,40,Email,True,Bronze
ACC-01170,Customer 01170,2024-07-25,CZ,37,Store,True,Bronze
ACC-01171,Customer 01171,2022-05-15,CZ,31,Web,False,Gold
ACC-01172,Customer 01172,2021-06-10,CZ,61,Mobile App,True,Silver
ACC-01173,Customer 01173,2024-12-24,CZ,34,Web,True,Silver
ACC-01174,Customer 01174,2024-06-14,SK,43,Mobile App,False,Bronze
ACC-01175,Customer 01175,2023-06-06,SK,32,Email,True,Bronze
ACC-01176,Customer 01176,2022-11-17,SK,18,Web,True,Bronze
ACC-01177,Customer 01177,2021-10-19,CZ,18,Email,False,Silver
ACC-01178,Customer 01178,2022-01-17,CZ,18,Mobile App,True,Bronze
ACC-01179,Customer 01179,2022-07-29,CZ,43,Web,True,Gold
ACC-01180,Customer 01180,2021-02-03,CZ,56,Email,False,Silver
ACC-01181,Customer 01181,2021-01-29,SK,41,Web,True,Silver
ACC-01182,Customer 01182,2023-06-30,SK,21,Web,True,Gold
ACC-01183,Customer 01183,2023-01-16,CZ,18,Web,True,Bronze
ACC-01184,Customer 01184,2022-01-31,CZ,36,Email,True,Gold
ACC-01185,Customer 01185,2023-07-29,SK,37,Store,False,Silver
ACC-01186,Customer 01186,2021-12-12,SK,40,Web,True,Silver
ACC-01187,Customer 01187,2021-08-14,CZ,45,Store,True,Gold
ACC-01188,Customer 01188,2021-08-31,CZ,35,Store,False,Bronze
ACC-01189,Customer 01189,2022-07-01,CZ,44,Mobile App,False,Silver
ACC-01190,Customer 01190,2022-06-19,CZ,53,Store,False,Bronze
ACC-01191,Customer 01191,2023-05-20,SK,33,Store,True,Bronze
ACC-01192,Customer 01192,2022-11-28,SK,36,Email,True,Bronze
ACC-01193,Customer 01193,2021-04-03,CZ,46,Store,False,Silver
ACC-01194,Customer 01194,2023-03-02,CZ,34,Email,True,Silver
ACC-01195,Customer 01195,2021-04-27,CZ,35,Email,False,Bronze
ACC-01196,Customer 01196,2024-11-06,CZ,34,Web,True,Gold
ACC-01197,Customer 01197,2022-11-27,CZ,40,Store,True,Silver
ACC-01198,Customer 01198,2022-11-06,SK,30,Mobile App,True,Gold
ACC-01199,Customer 01199,2024-06-05,SK,44,Email,True,Bronze
ACC-01200,Customer 01200,2022-04-21,CZ,41,Mobile App,False,Bronze
